task_index,unit_id,world_id,aligned_model_id,replicate_index,stroop_template_source_dataset,flanker_template_source_dataset,stroop_template_id,flanker_template_id,stroop_template_task_id,flanker_template_task_id,template_records_json,master_seed,structural_seed,background_seed,missingness_seed,trial_count_seed,split_seed,model_seed,generator_sha,empirical_background_contract_sha,static_model_contract_sha,pilot_config_hash
0,ETW0_replicate_000,ETW0,M0_probabilistic_general_performance,0,23,55,23,55,Stroop,Flanker,"[{""accuracy_coverage"": 1.0, ""accuracy_mean"": 0.9710629921259842, ""accuracy_sd"": 0.0300000243279924, ""mean_n_trials_valid"": 54.21259842519685, ""mean_response_speed_coverage"": 1.0, ""mean_response_speed_mean"": 1.8273146295336185, ""mean_response_speed_sd"": 0.2134800474050102, ""median_rt_ms_coverage"": 1.0, ""median_rt_ms_mean"": 551.9212598425197, ""median_rt_ms_sd"": 67.29295358036069, ""n_participants"": 127, ""n_repeat_participants"": 0, ""n_rows"": 254, ""n_sessions"": 127, ""n_windows"": 254, ""p10_n_trials_valid"": 50.0, ""p50_n_trials_valid"": 54.0, ""p90_n_trials_valid"": 58.0, ""rt_cv_coverage"": 1.0, ""rt_cv_mean"": 0.1769117070650396, ""rt_cv_sd"": 0.0396829642194131, ""sd_n_trials_valid"": 3.3495440578401907, ""source_dataset"": 23, ""task_id"": ""Stroop"", ""throughput_proxy_coverage"": 1.0, ""throughput_proxy_mean"": 1.7839581609362305, ""throughput_proxy_sd"": 0.2102872490608856}, {""accuracy_coverage"": 1.0, ""accuracy_mean"": 0.9671590909090908, ""accuracy_sd"": 0.0324114110013412, ""mean_n_trials_valid"": 66.24297520661158, ""mean_response_speed_coverage"": 1.0, ""mean_response_speed_mean"": 1.935173835601709, ""mean_response_speed_sd"": 0.2135834926846739, ""median_rt_ms_coverage"": 1.0, ""median_rt_ms_mean"": 515.8066115702479, ""median_rt_ms_sd"": 73.28317992231248, ""n_participants"": 121, ""n_repeat_participants"": 0, ""n_rows"": 605, ""n_sessions"": 121, ""n_windows"": 605, ""p10_n_trials_valid"": 49.0, ""p50_n_trials_valid"": 57.0, ""p90_n_trials_valid"": 104.0, ""rt_cv_coverage"": 1.0, ""rt_cv_mean"": 0.1402004640866976, ""rt_cv_sd"": 0.0416035571201677, ""sd_n_trials_valid"": 20.184221209535856, ""source_dataset"": 55, ""task_id"": ""Flanker"", ""throughput_proxy_coverage"": 1.0, ""throughput_proxy_mean"": 1.901055072409571, ""throughput_proxy_sd"": 0.2057530218933822}]",20260810,286238550,3641535655,3228460312,3313296241,3638588435,2078474791,9699427176961a3064e9db8da23a3b287a441b1b,1e9c11e030dc0706c8941dfc08489bb6f63cac5d,81d22f2a942afd1652c169935f058b1634922d30,sha256:89a79a76aa63b86f96e9f0c4d11517adce044a9ea430dc558ea9c2da29faa4b5
0,ETW1_replicate_000,ETW1,M1_continuous_control_manifold,0,23,55,23,55,Stroop,Flanker,"[{""accuracy_coverage"": 1.0, ""accuracy_mean"": 0.9710629921259842, ""accuracy_sd"": 0.0300000243279924, ""mean_n_trials_valid"": 54.21259842519685, ""mean_response_speed_coverage"": 1.0, ""mean_response_speed_mean"": 1.8273146295336185, ""mean_response_speed_sd"": 0.2134800474050102, ""median_rt_ms_coverage"": 1.0, ""median_rt_ms_mean"": 551.9212598425197, ""median_rt_ms_sd"": 67.29295358036069, ""n_participants"": 127, ""n_repeat_participants"": 0, ""n_rows"": 254, ""n_sessions"": 127, ""n_windows"": 254, ""p10_n_trials_valid"": 50.0, ""p50_n_trials_valid"": 54.0, ""p90_n_trials_valid"": 58.0, ""rt_cv_coverage"": 1.0, ""rt_cv_mean"": 0.1769117070650396, ""rt_cv_sd"": 0.0396829642194131, ""sd_n_trials_valid"": 3.3495440578401907, ""source_dataset"": 23, ""task_id"": ""Stroop"", ""throughput_proxy_coverage"": 1.0, ""throughput_proxy_mean"": 1.7839581609362305, ""throughput_proxy_sd"": 0.2102872490608856}, {""accuracy_coverage"": 1.0, ""accuracy_mean"": 0.9671590909090908, ""accuracy_sd"": 0.0324114110013412, ""mean_n_trials_valid"": 66.24297520661158, ""mean_response_speed_coverage"": 1.0, ""mean_response_speed_mean"": 1.935173835601709, ""mean_response_speed_sd"": 0.2135834926846739, ""median_rt_ms_coverage"": 1.0, ""median_rt_ms_mean"": 515.8066115702479, ""median_rt_ms_sd"": 73.28317992231248, ""n_participants"": 121, ""n_repeat_participants"": 0, ""n_rows"": 605, ""n_sessions"": 121, ""n_windows"": 605, ""p10_n_trials_valid"": 49.0, ""p50_n_trials_valid"": 57.0, ""p90_n_trials_valid"": 104.0, ""rt_cv_coverage"": 1.0, ""rt_cv_mean"": 0.1402004640866976, ""rt_cv_sd"": 0.0416035571201677, ""sd_n_trials_valid"": 20.184221209535856, ""source_dataset"": 55, ""task_id"": ""Flanker"", ""throughput_proxy_coverage"": 1.0, ""throughput_proxy_mean"": 1.901055072409571, ""throughput_proxy_sd"": 0.2057530218933822}]",20260810,3091569648,3060079024,4237133465,1247670622,3556338139,2689233333,9699427176961a3064e9db8da23a3b287a441b1b,1e9c11e030dc0706c8941dfc08489bb6f63cac5d,81d22f2a942afd1652c169935f058b1634922d30,sha256:89a79a76aa63b86f96e9f0c4d11517adce044a9ea430dc558ea9c2da29faa4b5
0,ETW2_replicate_000,ETW2,M2_EM_v1,0,23,55,23,55,Stroop,Flanker,"[{""accuracy_coverage"": 1.0, ""accuracy_mean"": 0.9710629921259842, ""accuracy_sd"": 0.0300000243279924, ""mean_n_trials_valid"": 54.21259842519685, ""mean_response_speed_coverage"": 1.0, ""mean_response_speed_mean"": 1.8273146295336185, ""mean_response_speed_sd"": 0.2134800474050102, ""median_rt_ms_coverage"": 1.0, ""median_rt_ms_mean"": 551.9212598425197, ""median_rt_ms_sd"": 67.29295358036069, ""n_participants"": 127, ""n_repeat_participants"": 0, ""n_rows"": 254, ""n_sessions"": 127, ""n_windows"": 254, ""p10_n_trials_valid"": 50.0, ""p50_n_trials_valid"": 54.0, ""p90_n_trials_valid"": 58.0, ""rt_cv_coverage"": 1.0, ""rt_cv_mean"": 0.1769117070650396, ""rt_cv_sd"": 0.0396829642194131, ""sd_n_trials_valid"": 3.3495440578401907, ""source_dataset"": 23, ""task_id"": ""Stroop"", ""throughput_proxy_coverage"": 1.0, ""throughput_proxy_mean"": 1.7839581609362305, ""throughput_proxy_sd"": 0.2102872490608856}, {""accuracy_coverage"": 1.0, ""accuracy_mean"": 0.9671590909090908, ""accuracy_sd"": 0.0324114110013412, ""mean_n_trials_valid"": 66.24297520661158, ""mean_response_speed_coverage"": 1.0, ""mean_response_speed_mean"": 1.935173835601709, ""mean_response_speed_sd"": 0.2135834926846739, ""median_rt_ms_coverage"": 1.0, ""median_rt_ms_mean"": 515.8066115702479, ""median_rt_ms_sd"": 73.28317992231248, ""n_participants"": 121, ""n_repeat_participants"": 0, ""n_rows"": 605, ""n_sessions"": 121, ""n_windows"": 605, ""p10_n_trials_valid"": 49.0, ""p50_n_trials_valid"": 57.0, ""p90_n_trials_valid"": 104.0, ""rt_cv_coverage"": 1.0, ""rt_cv_mean"": 0.1402004640866976, ""rt_cv_sd"": 0.0416035571201677, ""sd_n_trials_valid"": 20.184221209535856, ""source_dataset"": 55, ""task_id"": ""Flanker"", ""throughput_proxy_coverage"": 1.0, ""throughput_proxy_mean"": 1.901055072409571, ""throughput_proxy_sd"": 0.2057530218933822}]",20260810,2163943236,693880080,1531903537,1434548802,2931751157,11351658,9699427176961a3064e9db8da23a3b287a441b1b,1e9c11e030dc0706c8941dfc08489bb6f63cac5d,81d22f2a942afd1652c169935f058b1634922d30,sha256:89a79a76aa63b86f96e9f0c4d11517adce044a9ea430dc558ea9c2da29faa4b5
0,ETW3_replicate_000,ETW3,M3_three_profile_mixture,0,23,55,23,55,Stroop,Flanker,"[{""accuracy_coverage"": 1.0, ""accuracy_mean"": 0.9710629921259842, ""accuracy_sd"": 0.0300000243279924, ""mean_n_trials_valid"": 54.21259842519685, ""mean_response_speed_coverage"": 1.0, ""mean_response_speed_mean"": 1.8273146295336185, ""mean_response_speed_sd"": 0.2134800474050102, ""median_rt_ms_coverage"": 1.0, ""median_rt_ms_mean"": 551.9212598425197, ""median_rt_ms_sd"": 67.29295358036069, ""n_participants"": 127, ""n_repeat_participants"": 0, ""n_rows"": 254, ""n_sessions"": 127, ""n_windows"": 254, ""p10_n_trials_valid"": 50.0, ""p50_n_trials_valid"": 54.0, ""p90_n_trials_valid"": 58.0, ""rt_cv_coverage"": 1.0, ""rt_cv_mean"": 0.1769117070650396, ""rt_cv_sd"": 0.0396829642194131, ""sd_n_trials_valid"": 3.3495440578401907, ""source_dataset"": 23, ""task_id"": ""Stroop"", ""throughput_proxy_coverage"": 1.0, ""throughput_proxy_mean"": 1.7839581609362305, ""throughput_proxy_sd"": 0.2102872490608856}, {""accuracy_coverage"": 1.0, ""accuracy_mean"": 0.9671590909090908, ""accuracy_sd"": 0.0324114110013412, ""mean_n_trials_valid"": 66.24297520661158, ""mean_response_speed_coverage"": 1.0, ""mean_response_speed_mean"": 1.935173835601709, ""mean_response_speed_sd"": 0.2135834926846739, ""median_rt_ms_coverage"": 1.0, ""median_rt_ms_mean"": 515.8066115702479, ""median_rt_ms_sd"": 73.28317992231248, ""n_participants"": 121, ""n_repeat_participants"": 0, ""n_rows"": 605, ""n_sessions"": 121, ""n_windows"": 605, ""p10_n_trials_valid"": 49.0, ""p50_n_trials_valid"": 57.0, ""p90_n_trials_valid"": 104.0, ""rt_cv_coverage"": 1.0, ""rt_cv_mean"": 0.1402004640866976, ""rt_cv_sd"": 0.0416035571201677, ""sd_n_trials_valid"": 20.184221209535856, ""source_dataset"": 55, ""task_id"": ""Flanker"", ""throughput_proxy_coverage"": 1.0, ""throughput_proxy_mean"": 1.901055072409571, ""throughput_proxy_sd"": 0.2057530218933822}]",20260810,3900497196,4243558748,2789475675,1094634892,1978189017,4014998704,9699427176961a3064e9db8da23a3b287a441b1b,1e9c11e030dc0706c8941dfc08489bb6f63cac5d,81d22f2a942afd1652c169935f058b1634922d30,sha256:89a79a76aa63b86f96e9f0c4d11517adce044a9ea430dc558ea9c2da29faa4b5
0,ETW4_replicate_000,ETW4,M4_four_pace_profile_mixture,0,23,55,23,55,Stroop,Flanker,"[{""accuracy_coverage"": 1.0, ""accuracy_mean"": 0.9710629921259842, ""accuracy_sd"": 0.0300000243279924, ""mean_n_trials_valid"": 54.21259842519685, ""mean_response_speed_coverage"": 1.0, ""mean_response_speed_mean"": 1.8273146295336185, ""mean_response_speed_sd"": 0.2134800474050102, ""median_rt_ms_coverage"": 1.0, ""median_rt_ms_mean"": 551.9212598425197, ""median_rt_ms_sd"": 67.29295358036069, ""n_participants"": 127, ""n_repeat_participants"": 0, ""n_rows"": 254, ""n_sessions"": 127, ""n_windows"": 254, ""p10_n_trials_valid"": 50.0, ""p50_n_trials_valid"": 54.0, ""p90_n_trials_valid"": 58.0, ""rt_cv_coverage"": 1.0, ""rt_cv_mean"": 0.1769117070650396, ""rt_cv_sd"": 0.0396829642194131, ""sd_n_trials_valid"": 3.3495440578401907, ""source_dataset"": 23, ""task_id"": ""Stroop"", ""throughput_proxy_coverage"": 1.0, ""throughput_proxy_mean"": 1.7839581609362305, ""throughput_proxy_sd"": 0.2102872490608856}, {""accuracy_coverage"": 1.0, ""accuracy_mean"": 0.9671590909090908, ""accuracy_sd"": 0.0324114110013412, ""mean_n_trials_valid"": 66.24297520661158, ""mean_response_speed_coverage"": 1.0, ""mean_response_speed_mean"": 1.935173835601709, ""mean_response_speed_sd"": 0.2135834926846739, ""median_rt_ms_coverage"": 1.0, ""median_rt_ms_mean"": 515.8066115702479, ""median_rt_ms_sd"": 73.28317992231248, ""n_participants"": 121, ""n_repeat_participants"": 0, ""n_rows"": 605, ""n_sessions"": 121, ""n_windows"": 605, ""p10_n_trials_valid"": 49.0, ""p50_n_trials_valid"": 57.0, ""p90_n_trials_valid"": 104.0, ""rt_cv_coverage"": 1.0, ""rt_cv_mean"": 0.1402004640866976, ""rt_cv_sd"": 0.0416035571201677, ""sd_n_trials_valid"": 20.184221209535856, ""source_dataset"": 55, ""task_id"": ""Flanker"", ""throughput_proxy_coverage"": 1.0, ""throughput_proxy_mean"": 1.901055072409571, ""throughput_proxy_sd"": 0.2057530218933822}]",20260810,2707260991,3594132697,1534779869,1312599391,351226165,1543676939,9699427176961a3064e9db8da23a3b287a441b1b,1e9c11e030dc0706c8941dfc08489bb6f63cac5d,81d22f2a942afd1652c169935f058b1634922d30,sha256:89a79a76aa63b86f96e9f0c4d11517adce044a9ea430dc558ea9c2da29faa4b5
1,ETW0_replicate_001,ETW0,M0_probabilistic_general_performance,1,26,45,26,45,Stroop,Flanker,"[{""accuracy_coverage"": 1.0, ""accuracy_mean"": 0.970252613240418, ""accuracy_sd"": 0.0359421833157747, ""mean_n_trials_valid"": 53.33536585365854, ""mean_response_speed_coverage"": 1.0, ""mean_response_speed_mean"": 1.6973039996113557, ""mean_response_speed_sd"": 0.2741341650546821, ""median_rt_ms_coverage"": 1.0, ""median_rt_ms_mean"": 600.9420731707318, ""median_rt_ms_sd"": 111.78744893976636, ""n_participants"": 82, ""n_repeat_participants"": 0, ""n_rows"": 164, ""n_sessions"": 82, ""n_windows"": 164, ""p10_n_trials_valid"": 49.0, ""p50_n_trials_valid"": 54.0, ""p90_n_trials_valid"": 57.70000000000002, ""rt_cv_coverage"": 1.0, ""rt_cv_mean"": 0.1664670754336969, ""rt_cv_sd"": 0.044466661733142, ""sd_n_trials_valid"": 3.441496034772448, ""source_dataset"": 26, ""task_id"": ""Stroop"", ""throughput_proxy_coverage"": 1.0, ""throughput_proxy_mean"": 1.6610731398624932, ""throughput_proxy_sd"": 0.2685211617384002}, {""accuracy_coverage"": 1.0, ""accuracy_mean"": 0.9474561771073398, ""accuracy_sd"": 0.0626086121394414, ""mean_n_trials_valid"": 57.68992248062016, ""mean_response_speed_coverage"": 1.0, ""mean_response_speed_mean"": 1.8891010621682356, ""mean_response_speed_sd"": 0.2594847925598456, ""median_rt_ms_coverage"": 1.0, ""median_rt_ms_mean"": 531.9879961240309, ""median_rt_ms_sd"": 74.30291243745206, ""n_participants"": 129, ""n_repeat_participants"": 0, ""n_rows"": 1032, ""n_sessions"": 129, ""n_windows"": 1032, ""p10_n_trials_valid"": 48.10000000000001, ""p50_n_trials_valid"": 57.0, ""p90_n_trials_valid"": 68.0, ""rt_cv_coverage"": 1.0, ""rt_cv_mean"": 0.1515362609548955, ""rt_cv_sd"": 0.0411425778355479, ""sd_n_trials_valid"": 8.138875539491385, ""source_dataset"": 45, ""task_id"": ""Flanker"", ""throughput_proxy_coverage"": 1.0, ""throughput_proxy_mean"": 1.8094990271907023, ""throughput_proxy_sd"": 0.2393340595172322}]",20260810,1880773259,661562920,4164067523,2746813840,4057242686,920905398,9699427176961a3064e9db8da23a3b287a441b1b,1e9c11e030dc0706c8941dfc08489bb6f63cac5d,81d22f2a942afd1652c169935f058b1634922d30,sha256:89a79a76aa63b86f96e9f0c4d11517adce044a9ea430dc558ea9c2da29faa4b5
1,ETW1_replicate_001,ETW1,M1_continuous_control_manifold,1,26,45,26,45,Stroop,Flanker,"[{""accuracy_coverage"": 1.0, ""accuracy_mean"": 0.970252613240418, ""accuracy_sd"": 0.0359421833157747, ""mean_n_trials_valid"": 53.33536585365854, ""mean_response_speed_coverage"": 1.0, ""mean_response_speed_mean"": 1.6973039996113557, ""mean_response_speed_sd"": 0.2741341650546821, ""median_rt_ms_coverage"": 1.0, ""median_rt_ms_mean"": 600.9420731707318, ""median_rt_ms_sd"": 111.78744893976636, ""n_participants"": 82, ""n_repeat_participants"": 0, ""n_rows"": 164, ""n_sessions"": 82, ""n_windows"": 164, ""p10_n_trials_valid"": 49.0, ""p50_n_trials_valid"": 54.0, ""p90_n_trials_valid"": 57.70000000000002, ""rt_cv_coverage"": 1.0, ""rt_cv_mean"": 0.1664670754336969, ""rt_cv_sd"": 0.044466661733142, ""sd_n_trials_valid"": 3.441496034772448, ""source_dataset"": 26, ""task_id"": ""Stroop"", ""throughput_proxy_coverage"": 1.0, ""throughput_proxy_mean"": 1.6610731398624932, ""throughput_proxy_sd"": 0.2685211617384002}, {""accuracy_coverage"": 1.0, ""accuracy_mean"": 0.9474561771073398, ""accuracy_sd"": 0.0626086121394414, ""mean_n_trials_valid"": 57.68992248062016, ""mean_response_speed_coverage"": 1.0, ""mean_response_speed_mean"": 1.8891010621682356, ""mean_response_speed_sd"": 0.2594847925598456, ""median_rt_ms_coverage"": 1.0, ""median_rt_ms_mean"": 531.9879961240309, ""median_rt_ms_sd"": 74.30291243745206, ""n_participants"": 129, ""n_repeat_participants"": 0, ""n_rows"": 1032, ""n_sessions"": 129, ""n_windows"": 1032, ""p10_n_trials_valid"": 48.10000000000001, ""p50_n_trials_valid"": 57.0, ""p90_n_trials_valid"": 68.0, ""rt_cv_coverage"": 1.0, ""rt_cv_mean"": 0.1515362609548955, ""rt_cv_sd"": 0.0411425778355479, ""sd_n_trials_valid"": 8.138875539491385, ""source_dataset"": 45, ""task_id"": ""Flanker"", ""throughput_proxy_coverage"": 1.0, ""throughput_proxy_mean"": 1.8094990271907023, ""throughput_proxy_sd"": 0.2393340595172322}]",20260810,890995084,1374343116,699324004,2026489147,3671913314,3641299873,9699427176961a3064e9db8da23a3b287a441b1b,1e9c11e030dc0706c8941dfc08489bb6f63cac5d,81d22f2a942afd1652c169935f058b1634922d30,sha256:89a79a76aa63b86f96e9f0c4d11517adce044a9ea430dc558ea9c2da29faa4b5
1,ETW2_replicate_001,ETW2,M2_EM_v1,1,26,45,26,45,Stroop,Flanker,"[{""accuracy_coverage"": 1.0, ""accuracy_mean"": 0.970252613240418, ""accuracy_sd"": 0.0359421833157747, ""mean_n_trials_valid"": 53.33536585365854, ""mean_response_speed_coverage"": 1.0, ""mean_response_speed_mean"": 1.6973039996113557, ""mean_response_speed_sd"": 0.2741341650546821, ""median_rt_ms_coverage"": 1.0, ""median_rt_ms_mean"": 600.9420731707318, ""median_rt_ms_sd"": 111.78744893976636, ""n_participants"": 82, ""n_repeat_participants"": 0, ""n_rows"": 164, ""n_sessions"": 82, ""n_windows"": 164, ""p10_n_trials_valid"": 49.0, ""p50_n_trials_valid"": 54.0, ""p90_n_trials_valid"": 57.70000000000002, ""rt_cv_coverage"": 1.0, ""rt_cv_mean"": 0.1664670754336969, ""rt_cv_sd"": 0.044466661733142, ""sd_n_trials_valid"": 3.441496034772448, ""source_dataset"": 26, ""task_id"": ""Stroop"", ""throughput_proxy_coverage"": 1.0, ""throughput_proxy_mean"": 1.6610731398624932, ""throughput_proxy_sd"": 0.2685211617384002}, {""accuracy_coverage"": 1.0, ""accuracy_mean"": 0.9474561771073398, ""accuracy_sd"": 0.0626086121394414, ""mean_n_trials_valid"": 57.68992248062016, ""mean_response_speed_coverage"": 1.0, ""mean_response_speed_mean"": 1.8891010621682356, ""mean_response_speed_sd"": 0.2594847925598456, ""median_rt_ms_coverage"": 1.0, ""median_rt_ms_mean"": 531.9879961240309, ""median_rt_ms_sd"": 74.30291243745206, ""n_participants"": 129, ""n_repeat_participants"": 0, ""n_rows"": 1032, ""n_sessions"": 129, ""n_windows"": 1032, ""p10_n_trials_valid"": 48.10000000000001, ""p50_n_trials_valid"": 57.0, ""p90_n_trials_valid"": 68.0, ""rt_cv_coverage"": 1.0, ""rt_cv_mean"": 0.1515362609548955, ""rt_cv_sd"": 0.0411425778355479, ""sd_n_trials_valid"": 8.138875539491385, ""source_dataset"": 45, ""task_id"": ""Flanker"", ""throughput_proxy_coverage"": 1.0, ""throughput_proxy_mean"": 1.8094990271907023, ""throughput_proxy_sd"": 0.2393340595172322}]",20260810,2871727509,1844877293,1621633208,602721471,4127492886,4227245225,9699427176961a3064e9db8da23a3b287a441b1b,1e9c11e030dc0706c8941dfc08489bb6f63cac5d,81d22f2a942afd1652c169935f058b1634922d30,sha256:89a79a76aa63b86f96e9f0c4d11517adce044a9ea430dc558ea9c2da29faa4b5
1,ETW3_replicate_001,ETW3,M3_three_profile_mixture,1,26,45,26,45,Stroop,Flanker,"[{""accuracy_coverage"": 1.0, ""accuracy_mean"": 0.970252613240418, ""accuracy_sd"": 0.0359421833157747, ""mean_n_trials_valid"": 53.33536585365854, ""mean_response_speed_coverage"": 1.0, ""mean_response_speed_mean"": 1.6973039996113557, ""mean_response_speed_sd"": 0.2741341650546821, ""median_rt_ms_coverage"": 1.0, ""median_rt_ms_mean"": 600.9420731707318, ""median_rt_ms_sd"": 111.78744893976636, ""n_participants"": 82, ""n_repeat_participants"": 0, ""n_rows"": 164, ""n_sessions"": 82, ""n_windows"": 164, ""p10_n_trials_valid"": 49.0, ""p50_n_trials_valid"": 54.0, ""p90_n_trials_valid"": 57.70000000000002, ""rt_cv_coverage"": 1.0, ""rt_cv_mean"": 0.1664670754336969, ""rt_cv_sd"": 0.044466661733142, ""sd_n_trials_valid"": 3.441496034772448, ""source_dataset"": 26, ""task_id"": ""Stroop"", ""throughput_proxy_coverage"": 1.0, ""throughput_proxy_mean"": 1.6610731398624932, ""throughput_proxy_sd"": 0.2685211617384002}, {""accuracy_coverage"": 1.0, ""accuracy_mean"": 0.9474561771073398, ""accuracy_sd"": 0.0626086121394414, ""mean_n_trials_valid"": 57.68992248062016, ""mean_response_speed_coverage"": 1.0, ""mean_response_speed_mean"": 1.8891010621682356, ""mean_response_speed_sd"": 0.2594847925598456, ""median_rt_ms_coverage"": 1.0, ""median_rt_ms_mean"": 531.9879961240309, ""median_rt_ms_sd"": 74.30291243745206, ""n_participants"": 129, ""n_repeat_participants"": 0, ""n_rows"": 1032, ""n_sessions"": 129, ""n_windows"": 1032, ""p10_n_trials_valid"": 48.10000000000001, ""p50_n_trials_valid"": 57.0, ""p90_n_trials_valid"": 68.0, ""rt_cv_coverage"": 1.0, ""rt_cv_mean"": 0.1515362609548955, ""rt_cv_sd"": 0.0411425778355479, ""sd_n_trials_valid"": 8.138875539491385, ""source_dataset"": 45, ""task_id"": ""Flanker"", ""throughput_proxy_coverage"": 1.0, ""throughput_proxy_mean"": 1.8094990271907023, ""throughput_proxy_sd"": 0.2393340595172322}]",20260810,1778155441,1422800694,1740000715,462690347,3575422492,3139186113,9699427176961a3064e9db8da23a3b287a441b1b,1e9c11e030dc0706c8941dfc08489bb6f63cac5d,81d22f2a942afd1652c169935f058b1634922d30,sha256:89a79a76aa63b86f96e9f0c4d11517adce044a9ea430dc558ea9c2da29faa4b5
1,ETW4_replicate_001,ETW4,M4_four_pace_profile_mixture,1,26,45,26,45,Stroop,Flanker,"[{""accuracy_coverage"": 1.0, ""accuracy_mean"": 0.970252613240418, ""accuracy_sd"": 0.0359421833157747, ""mean_n_trials_valid"": 53.33536585365854, ""mean_response_speed_coverage"": 1.0, ""mean_response_speed_mean"": 1.6973039996113557, ""mean_response_speed_sd"": 0.2741341650546821, ""median_rt_ms_coverage"": 1.0, ""median_rt_ms_mean"": 600.9420731707318, ""median_rt_ms_sd"": 111.78744893976636, ""n_participants"": 82, ""n_repeat_participants"": 0, ""n_rows"": 164, ""n_sessions"": 82, ""n_windows"": 164, ""p10_n_trials_valid"": 49.0, ""p50_n_trials_valid"": 54.0, ""p90_n_trials_valid"": 57.70000000000002, ""rt_cv_coverage"": 1.0, ""rt_cv_mean"": 0.1664670754336969, ""rt_cv_sd"": 0.044466661733142, ""sd_n_trials_valid"": 3.441496034772448, ""source_dataset"": 26, ""task_id"": ""Stroop"", ""throughput_proxy_coverage"": 1.0, ""throughput_proxy_mean"": 1.6610731398624932, ""throughput_proxy_sd"": 0.2685211617384002}, {""accuracy_coverage"": 1.0, ""accuracy_mean"": 0.9474561771073398, ""accuracy_sd"": 0.0626086121394414, ""mean_n_trials_valid"": 57.68992248062016, ""mean_response_speed_coverage"": 1.0, ""mean_response_speed_mean"": 1.8891010621682356, ""mean_response_speed_sd"": 0.2594847925598456, ""median_rt_ms_coverage"": 1.0, ""median_rt_ms_mean"": 531.9879961240309, ""median_rt_ms_sd"": 74.30291243745206, ""n_participants"": 129, ""n_repeat_participants"": 0, ""n_rows"": 1032, ""n_sessions"": 129, ""n_windows"": 1032, ""p10_n_trials_valid"": 48.10000000000001, ""p50_n_trials_valid"": 57.0, ""p90_n_trials_valid"": 68.0, ""rt_cv_coverage"": 1.0, ""rt_cv_mean"": 0.1515362609548955, ""rt_cv_sd"": 0.0411425778355479, ""sd_n_trials_valid"": 8.138875539491385, ""source_dataset"": 45, ""task_id"": ""Flanker"", ""throughput_proxy_coverage"": 1.0, ""throughput_proxy_mean"": 1.8094990271907023, ""throughput_proxy_sd"": 0.2393340595172322}]",20260810,31076653,413880780,3460460161,191136061,1437267894,4274384381,9699427176961a3064e9db8da23a3b287a441b1b,1e9c11e030dc0706c8941dfc08489bb6f63cac5d,81d22f2a942afd1652c169935f058b1634922d30,sha256:89a79a76aa63b86f96e9f0c4d11517adce044a9ea430dc558ea9c2da29faa4b5
2,ETW0_replicate_002,ETW0,M0_probabilistic_general_performance,2,2,15,2,15,Stroop,Flanker,"[{""accuracy_coverage"": 1.0, ""accuracy_mean"": 0.9490481976508708, ""accuracy_sd"": 0.0594815803278888, ""mean_n_trials_valid"": 66.05893074119076, ""mean_response_speed_coverage"": 1.0, ""mean_response_speed_mean"": 1.4447809270236454, ""mean_response_speed_sd"": 0.2122930679326761, ""median_rt_ms_coverage"": 1.0, ""median_rt_ms_mean"": 693.4529161603888, ""median_rt_ms_sd"": 108.81109114810118, ""n_participants"": 523, ""n_repeat_participants"": 0, ""n_rows"": 1646, ""n_sessions"": 523, ""n_windows"": 1646, ""p10_n_trials_valid"": 51.0, ""p50_n_trials_valid"": 60.0, ""p90_n_trials_valid"": 78.0, ""rt_cv_coverage"": 1.0, ""rt_cv_mean"": 0.2051700086124804, ""rt_cv_sd"": 0.042062290840976, ""sd_n_trials_valid"": 16.385835749283437, ""source_dataset"": 2, ""task_id"": ""Stroop"", ""throughput_proxy_coverage"": 1.0, ""throughput_proxy_mean"": 1.403089869001416, ""throughput_proxy_sd"": 0.2394447988543686}, {""accuracy_coverage"": 1.0, ""accuracy_mean"": 0.9735991843630218, ""accuracy_sd"": 0.0306104178125523, ""mean_n_trials_valid"": 67.89002267573696, ""mean_response_speed_coverage"": 1.0, ""mean_response_speed_mean"": 1.3987730550641373, ""mean_response_speed_sd"": 0.2374899125207265, ""median_rt_ms_coverage"": 1.0, ""median_rt_ms_mean"": 724.7351473922903, ""median_rt_ms_sd"": 138.13258670616852, ""n_participants"": 147, ""n_repeat_participants"": 0, ""n_rows"": 882, ""n_sessions"": 147, ""n_windows"": 882, ""p10_n_trials_valid"": 50.0, ""p50_n_trials_valid"": 59.0, ""p90_n_trials_valid"": 105.0, ""rt_cv_coverage"": 1.0, ""rt_cv_mean"": 0.1944190675824386, ""rt_cv_sd"": 0.0583581425197133, ""sd_n_trials_valid"": 19.612197442796667, ""source_dataset"": 15, ""task_id"": ""Flanker"", ""throughput_proxy_coverage"": 1.0, ""throughput_proxy_mean"": 1.3851922304584314, ""throughput_proxy_sd"": 0.2324034172295375}]",20260810,2041766598,1640747328,1231940822,890170074,2388474147,2441635854,9699427176961a3064e9db8da23a3b287a441b1b,1e9c11e030dc0706c8941dfc08489bb6f63cac5d,81d22f2a942afd1652c169935f058b1634922d30,sha256:89a79a76aa63b86f96e9f0c4d11517adce044a9ea430dc558ea9c2da29faa4b5
2,ETW1_replicate_002,ETW1,M1_continuous_control_manifold,2,2,15,2,15,Stroop,Flanker,"[{""accuracy_coverage"": 1.0, ""accuracy_mean"": 0.9490481976508708, ""accuracy_sd"": 0.0594815803278888, ""mean_n_trials_valid"": 66.05893074119076, ""mean_response_speed_coverage"": 1.0, ""mean_response_speed_mean"": 1.4447809270236454, ""mean_response_speed_sd"": 0.2122930679326761, ""median_rt_ms_coverage"": 1.0, ""median_rt_ms_mean"": 693.4529161603888, ""median_rt_ms_sd"": 108.81109114810118, ""n_participants"": 523, ""n_repeat_participants"": 0, ""n_rows"": 1646, ""n_sessions"": 523, ""n_windows"": 1646, ""p10_n_trials_valid"": 51.0, ""p50_n_trials_valid"": 60.0, ""p90_n_trials_valid"": 78.0, ""rt_cv_coverage"": 1.0, ""rt_cv_mean"": 0.2051700086124804, ""rt_cv_sd"": 0.042062290840976, ""sd_n_trials_valid"": 16.385835749283437, ""source_dataset"": 2, ""task_id"": ""Stroop"", ""throughput_proxy_coverage"": 1.0, ""throughput_proxy_mean"": 1.403089869001416, ""throughput_proxy_sd"": 0.2394447988543686}, {""accuracy_coverage"": 1.0, ""accuracy_mean"": 0.9735991843630218, ""accuracy_sd"": 0.0306104178125523, ""mean_n_trials_valid"": 67.89002267573696, ""mean_response_speed_coverage"": 1.0, ""mean_response_speed_mean"": 1.3987730550641373, ""mean_response_speed_sd"": 0.2374899125207265, ""median_rt_ms_coverage"": 1.0, ""median_rt_ms_mean"": 724.7351473922903, ""median_rt_ms_sd"": 138.13258670616852, ""n_participants"": 147, ""n_repeat_participants"": 0, ""n_rows"": 882, ""n_sessions"": 147, ""n_windows"": 882, ""p10_n_trials_valid"": 50.0, ""p50_n_trials_valid"": 59.0, ""p90_n_trials_valid"": 105.0, ""rt_cv_coverage"": 1.0, ""rt_cv_mean"": 0.1944190675824386, ""rt_cv_sd"": 0.0583581425197133, ""sd_n_trials_valid"": 19.612197442796667, ""source_dataset"": 15, ""task_id"": ""Flanker"", ""throughput_proxy_coverage"": 1.0, ""throughput_proxy_mean"": 1.3851922304584314, ""throughput_proxy_sd"": 0.2324034172295375}]",20260810,585487040,893647466,4003590182,1925312065,1975485644,2254410128,9699427176961a3064e9db8da23a3b287a441b1b,1e9c11e030dc0706c8941dfc08489bb6f63cac5d,81d22f2a942afd1652c169935f058b1634922d30,sha256:89a79a76aa63b86f96e9f0c4d11517adce044a9ea430dc558ea9c2da29faa4b5
2,ETW2_replicate_002,ETW2,M2_EM_v1,2,2,15,2,15,Stroop,Flanker,"[{""accuracy_coverage"": 1.0, ""accuracy_mean"": 0.9490481976508708, ""accuracy_sd"": 0.0594815803278888, ""mean_n_trials_valid"": 66.05893074119076, ""mean_response_speed_coverage"": 1.0, ""mean_response_speed_mean"": 1.4447809270236454, ""mean_response_speed_sd"": 0.2122930679326761, ""median_rt_ms_coverage"": 1.0, ""median_rt_ms_mean"": 693.4529161603888, ""median_rt_ms_sd"": 108.81109114810118, ""n_participants"": 523, ""n_repeat_participants"": 0, ""n_rows"": 1646, ""n_sessions"": 523, ""n_windows"": 1646, ""p10_n_trials_valid"": 51.0, ""p50_n_trials_valid"": 60.0, ""p90_n_trials_valid"": 78.0, ""rt_cv_coverage"": 1.0, ""rt_cv_mean"": 0.2051700086124804, ""rt_cv_sd"": 0.042062290840976, ""sd_n_trials_valid"": 16.385835749283437, ""source_dataset"": 2, ""task_id"": ""Stroop"", ""throughput_proxy_coverage"": 1.0, ""throughput_proxy_mean"": 1.403089869001416, ""throughput_proxy_sd"": 0.2394447988543686}, {""accuracy_coverage"": 1.0, ""accuracy_mean"": 0.9735991843630218, ""accuracy_sd"": 0.0306104178125523, ""mean_n_trials_valid"": 67.89002267573696, ""mean_response_speed_coverage"": 1.0, ""mean_response_speed_mean"": 1.3987730550641373, ""mean_response_speed_sd"": 0.2374899125207265, ""median_rt_ms_coverage"": 1.0, ""median_rt_ms_mean"": 724.7351473922903, ""median_rt_ms_sd"": 138.13258670616852, ""n_participants"": 147, ""n_repeat_participants"": 0, ""n_rows"": 882, ""n_sessions"": 147, ""n_windows"": 882, ""p10_n_trials_valid"": 50.0, ""p50_n_trials_valid"": 59.0, ""p90_n_trials_valid"": 105.0, ""rt_cv_coverage"": 1.0, ""rt_cv_mean"": 0.1944190675824386, ""rt_cv_sd"": 0.0583581425197133, ""sd_n_trials_valid"": 19.612197442796667, ""source_dataset"": 15, ""task_id"": ""Flanker"", ""throughput_proxy_coverage"": 1.0, ""throughput_proxy_mean"": 1.3851922304584314, ""throughput_proxy_sd"": 0.2324034172295375}]",20260810,2847170955,3429341025,2624135198,1594768516,691010630,661594619,9699427176961a3064e9db8da23a3b287a441b1b,1e9c11e030dc0706c8941dfc08489bb6f63cac5d,81d22f2a942afd1652c169935f058b1634922d30,sha256:89a79a76aa63b86f96e9f0c4d11517adce044a9ea430dc558ea9c2da29faa4b5
2,ETW3_replicate_002,ETW3,M3_three_profile_mixture,2,2,15,2,15,Stroop,Flanker,"[{""accuracy_coverage"": 1.0, ""accuracy_mean"": 0.9490481976508708, ""accuracy_sd"": 0.0594815803278888, ""mean_n_trials_valid"": 66.05893074119076, ""mean_response_speed_coverage"": 1.0, ""mean_response_speed_mean"": 1.4447809270236454, ""mean_response_speed_sd"": 0.2122930679326761, ""median_rt_ms_coverage"": 1.0, ""median_rt_ms_mean"": 693.4529161603888, ""median_rt_ms_sd"": 108.81109114810118, ""n_participants"": 523, ""n_repeat_participants"": 0, ""n_rows"": 1646, ""n_sessions"": 523, ""n_windows"": 1646, ""p10_n_trials_valid"": 51.0, ""p50_n_trials_valid"": 60.0, ""p90_n_trials_valid"": 78.0, ""rt_cv_coverage"": 1.0, ""rt_cv_mean"": 0.2051700086124804, ""rt_cv_sd"": 0.042062290840976, ""sd_n_trials_valid"": 16.385835749283437, ""source_dataset"": 2, ""task_id"": ""Stroop"", ""throughput_proxy_coverage"": 1.0, ""throughput_proxy_mean"": 1.403089869001416, ""throughput_proxy_sd"": 0.2394447988543686}, {""accuracy_coverage"": 1.0, ""accuracy_mean"": 0.9735991843630218, ""accuracy_sd"": 0.0306104178125523, ""mean_n_trials_valid"": 67.89002267573696, ""mean_response_speed_coverage"": 1.0, ""mean_response_speed_mean"": 1.3987730550641373, ""mean_response_speed_sd"": 0.2374899125207265, ""median_rt_ms_coverage"": 1.0, ""median_rt_ms_mean"": 724.7351473922903, ""median_rt_ms_sd"": 138.13258670616852, ""n_participants"": 147, ""n_repeat_participants"": 0, ""n_rows"": 882, ""n_sessions"": 147, ""n_windows"": 882, ""p10_n_trials_valid"": 50.0, ""p50_n_trials_valid"": 59.0, ""p90_n_trials_valid"": 105.0, ""rt_cv_coverage"": 1.0, ""rt_cv_mean"": 0.1944190675824386, ""rt_cv_sd"": 0.0583581425197133, ""sd_n_trials_valid"": 19.612197442796667, ""source_dataset"": 15, ""task_id"": ""Flanker"", ""throughput_proxy_coverage"": 1.0, ""throughput_proxy_mean"": 1.3851922304584314, ""throughput_proxy_sd"": 0.2324034172295375}]",20260810,3002037691,2548418025,2275009959,385979331,110616538,3887766104,9699427176961a3064e9db8da23a3b287a441b1b,1e9c11e030dc0706c8941dfc08489bb6f63cac5d,81d22f2a942afd1652c169935f058b1634922d30,sha256:89a79a76aa63b86f96e9f0c4d11517adce044a9ea430dc558ea9c2da29faa4b5
2,ETW4_replicate_002,ETW4,M4_four_pace_profile_mixture,2,2,15,2,15,Stroop,Flanker,"[{""accuracy_coverage"": 1.0, ""accuracy_mean"": 0.9490481976508708, ""accuracy_sd"": 0.0594815803278888, ""mean_n_trials_valid"": 66.05893074119076, ""mean_response_speed_coverage"": 1.0, ""mean_response_speed_mean"": 1.4447809270236454, ""mean_response_speed_sd"": 0.2122930679326761, ""median_rt_ms_coverage"": 1.0, ""median_rt_ms_mean"": 693.4529161603888, ""median_rt_ms_sd"": 108.81109114810118, ""n_participants"": 523, ""n_repeat_participants"": 0, ""n_rows"": 1646, ""n_sessions"": 523, ""n_windows"": 1646, ""p10_n_trials_valid"": 51.0, ""p50_n_trials_valid"": 60.0, ""p90_n_trials_valid"": 78.0, ""rt_cv_coverage"": 1.0, ""rt_cv_mean"": 0.2051700086124804, ""rt_cv_sd"": 0.042062290840976, ""sd_n_trials_valid"": 16.385835749283437, ""source_dataset"": 2, ""task_id"": ""Stroop"", ""throughput_proxy_coverage"": 1.0, ""throughput_proxy_mean"": 1.403089869001416, ""throughput_proxy_sd"": 0.2394447988543686}, {""accuracy_coverage"": 1.0, ""accuracy_mean"": 0.9735991843630218, ""accuracy_sd"": 0.0306104178125523, ""mean_n_trials_valid"": 67.89002267573696, ""mean_response_speed_coverage"": 1.0, ""mean_response_speed_mean"": 1.3987730550641373, ""mean_response_speed_sd"": 0.2374899125207265, ""median_rt_ms_coverage"": 1.0, ""median_rt_ms_mean"": 724.7351473922903, ""median_rt_ms_sd"": 138.13258670616852, ""n_participants"": 147, ""n_repeat_participants"": 0, ""n_rows"": 882, ""n_sessions"": 147, ""n_windows"": 882, ""p10_n_trials_valid"": 50.0, ""p50_n_trials_valid"": 59.0, ""p90_n_trials_valid"": 105.0, ""rt_cv_coverage"": 1.0, ""rt_cv_mean"": 0.1944190675824386, ""rt_cv_sd"": 0.0583581425197133, ""sd_n_trials_valid"": 19.612197442796667, ""source_dataset"": 15, ""task_id"": ""Flanker"", ""throughput_proxy_coverage"": 1.0, ""throughput_proxy_mean"": 1.3851922304584314, ""throughput_proxy_sd"": 0.2324034172295375}]",20260810,2384229643,133599163,3477745765,2897852510,3309779098,3038521451,9699427176961a3064e9db8da23a3b287a441b1b,1e9c11e030dc0706c8941dfc08489bb6f63cac5d,81d22f2a942afd1652c169935f058b1634922d30,sha256:89a79a76aa63b86f96e9f0c4d11517adce044a9ea430dc558ea9c2da29faa4b5
3,ETW0_replicate_003,ETW0,M0_probabilistic_general_performance,3,62,49,62,49,Stroop,Flanker,"[{""accuracy_coverage"": 1.0, ""accuracy_mean"": 0.9133622774537086, ""accuracy_sd"": 0.151224403690124, ""mean_n_trials_valid"": 61.78636279414489, ""mean_response_speed_coverage"": 0.9985176950157496, ""mean_response_speed_mean"": 1.4457330697875728, ""mean_response_speed_sd"": 0.2629509658988427, ""median_rt_ms_coverage"": 0.9985176950157496, ""median_rt_ms_mean"": 679.7311189460011, ""median_rt_ms_sd"": 116.87799628445929, ""n_participants"": 222, ""n_repeat_participants"": 0, ""n_rows"": 5397, ""n_sessions"": 222, ""n_windows"": 5397, ""p10_n_trials_valid"": 43.0, ""p50_n_trials_valid"": 57.0, ""p90_n_trials_valid"": 97.0, ""rt_cv_coverage"": 0.9949972206781544, ""rt_cv_mean"": 0.2882360263068232, ""rt_cv_sd"": 0.0678926008432591, ""sd_n_trials_valid"": 21.400175433410247, ""source_dataset"": 62, ""task_id"": ""Stroop"", ""throughput_proxy_coverage"": 0.9985176950157496, ""throughput_proxy_mean"": 1.3745400972057442, ""throughput_proxy_sd"": 0.2932697695106828}, {""accuracy_coverage"": 1.0, ""accuracy_mean"": 0.9689074424743214, ""accuracy_sd"": 0.0554602123342668, ""mean_n_trials_valid"": 60.13375796178344, ""mean_response_speed_coverage"": 1.0, ""mean_response_speed_mean"": 1.497969581305574, ""mean_response_speed_sd"": 0.192660749412271, ""median_rt_ms_coverage"": 1.0, ""median_rt_ms_mean"": 670.6947699044586, ""median_rt_ms_sd"": 100.4503241913842, ""n_participants"": 157, ""n_repeat_participants"": 0, ""n_rows"": 1256, ""n_sessions"": 157, ""n_windows"": 1256, ""p10_n_trials_valid"": 51.0, ""p50_n_trials_valid"": 58.0, ""p90_n_trials_valid"": 70.0, ""rt_cv_coverage"": 1.0, ""rt_cv_mean"": 0.145445101359294, ""rt_cv_sd"": 0.0377492827410824, ""sd_n_trials_valid"": 7.675569390479383, ""source_dataset"": 49, ""task_id"": ""Flanker"", ""throughput_proxy_coverage"": 1.0, ""throughput_proxy_mean"": 1.476016377749154, ""throughput_proxy_sd"": 0.2185362371079095}]",20260810,970193978,2578115516,801244305,178809196,3786088121,788659665,9699427176961a3064e9db8da23a3b287a441b1b,1e9c11e030dc0706c8941dfc08489bb6f63cac5d,81d22f2a942afd1652c169935f058b1634922d30,sha256:89a79a76aa63b86f96e9f0c4d11517adce044a9ea430dc558ea9c2da29faa4b5
3,ETW1_replicate_003,ETW1,M1_continuous_control_manifold,3,62,49,62,49,Stroop,Flanker,"[{""accuracy_coverage"": 1.0, ""accuracy_mean"": 0.9133622774537086, ""accuracy_sd"": 0.151224403690124, ""mean_n_trials_valid"": 61.78636279414489, ""mean_response_speed_coverage"": 0.9985176950157496, ""mean_response_speed_mean"": 1.4457330697875728, ""mean_response_speed_sd"": 0.2629509658988427, ""median_rt_ms_coverage"": 0.9985176950157496, ""median_rt_ms_mean"": 679.7311189460011, ""median_rt_ms_sd"": 116.87799628445929, ""n_participants"": 222, ""n_repeat_participants"": 0, ""n_rows"": 5397, ""n_sessions"": 222, ""n_windows"": 5397, ""p10_n_trials_valid"": 43.0, ""p50_n_trials_valid"": 57.0, ""p90_n_trials_valid"": 97.0, ""rt_cv_coverage"": 0.9949972206781544, ""rt_cv_mean"": 0.2882360263068232, ""rt_cv_sd"": 0.0678926008432591, ""sd_n_trials_valid"": 21.400175433410247, ""source_dataset"": 62, ""task_id"": ""Stroop"", ""throughput_proxy_coverage"": 0.9985176950157496, ""throughput_proxy_mean"": 1.3745400972057442, ""throughput_proxy_sd"": 0.2932697695106828}, {""accuracy_coverage"": 1.0, ""accuracy_mean"": 0.9689074424743214, ""accuracy_sd"": 0.0554602123342668, ""mean_n_trials_valid"": 60.13375796178344, ""mean_response_speed_coverage"": 1.0, ""mean_response_speed_mean"": 1.497969581305574, ""mean_response_speed_sd"": 0.192660749412271, ""median_rt_ms_coverage"": 1.0, ""median_rt_ms_mean"": 670.6947699044586, ""median_rt_ms_sd"": 100.4503241913842, ""n_participants"": 157, ""n_repeat_participants"": 0, ""n_rows"": 1256, ""n_sessions"": 157, ""n_windows"": 1256, ""p10_n_trials_valid"": 51.0, ""p50_n_trials_valid"": 58.0, ""p90_n_trials_valid"": 70.0, ""rt_cv_coverage"": 1.0, ""rt_cv_mean"": 0.145445101359294, ""rt_cv_sd"": 0.0377492827410824, ""sd_n_trials_valid"": 7.675569390479383, ""source_dataset"": 49, ""task_id"": ""Flanker"", ""throughput_proxy_coverage"": 1.0, ""throughput_proxy_mean"": 1.476016377749154, ""throughput_proxy_sd"": 0.2185362371079095}]",20260810,3169318675,264400598,3372402057,2492607341,3226758414,1635048036,9699427176961a3064e9db8da23a3b287a441b1b,1e9c11e030dc0706c8941dfc08489bb6f63cac5d,81d22f2a942afd1652c169935f058b1634922d30,sha256:89a79a76aa63b86f96e9f0c4d11517adce044a9ea430dc558ea9c2da29faa4b5
3,ETW2_replicate_003,ETW2,M2_EM_v1,3,62,49,62,49,Stroop,Flanker,"[{""accuracy_coverage"": 1.0, ""accuracy_mean"": 0.9133622774537086, ""accuracy_sd"": 0.151224403690124, ""mean_n_trials_valid"": 61.78636279414489, ""mean_response_speed_coverage"": 0.9985176950157496, ""mean_response_speed_mean"": 1.4457330697875728, ""mean_response_speed_sd"": 0.2629509658988427, ""median_rt_ms_coverage"": 0.9985176950157496, ""median_rt_ms_mean"": 679.7311189460011, ""median_rt_ms_sd"": 116.87799628445929, ""n_participants"": 222, ""n_repeat_participants"": 0, ""n_rows"": 5397, ""n_sessions"": 222, ""n_windows"": 5397, ""p10_n_trials_valid"": 43.0, ""p50_n_trials_valid"": 57.0, ""p90_n_trials_valid"": 97.0, ""rt_cv_coverage"": 0.9949972206781544, ""rt_cv_mean"": 0.2882360263068232, ""rt_cv_sd"": 0.0678926008432591, ""sd_n_trials_valid"": 21.400175433410247, ""source_dataset"": 62, ""task_id"": ""Stroop"", ""throughput_proxy_coverage"": 0.9985176950157496, ""throughput_proxy_mean"": 1.3745400972057442, ""throughput_proxy_sd"": 0.2932697695106828}, {""accuracy_coverage"": 1.0, ""accuracy_mean"": 0.9689074424743214, ""accuracy_sd"": 0.0554602123342668, ""mean_n_trials_valid"": 60.13375796178344, ""mean_response_speed_coverage"": 1.0, ""mean_response_speed_mean"": 1.497969581305574, ""mean_response_speed_sd"": 0.192660749412271, ""median_rt_ms_coverage"": 1.0, ""median_rt_ms_mean"": 670.6947699044586, ""median_rt_ms_sd"": 100.4503241913842, ""n_participants"": 157, ""n_repeat_participants"": 0, ""n_rows"": 1256, ""n_sessions"": 157, ""n_windows"": 1256, ""p10_n_trials_valid"": 51.0, ""p50_n_trials_valid"": 58.0, ""p90_n_trials_valid"": 70.0, ""rt_cv_coverage"": 1.0, ""rt_cv_mean"": 0.145445101359294, ""rt_cv_sd"": 0.0377492827410824, ""sd_n_trials_valid"": 7.675569390479383, ""source_dataset"": 49, ""task_id"": ""Flanker"", ""throughput_proxy_coverage"": 1.0, ""throughput_proxy_mean"": 1.476016377749154, ""throughput_proxy_sd"": 0.2185362371079095}]",20260810,2064451039,3732186827,1305561592,2730242775,826568189,2779690710,9699427176961a3064e9db8da23a3b287a441b1b,1e9c11e030dc0706c8941dfc08489bb6f63cac5d,81d22f2a942afd1652c169935f058b1634922d30,sha256:89a79a76aa63b86f96e9f0c4d11517adce044a9ea430dc558ea9c2da29faa4b5
3,ETW3_replicate_003,ETW3,M3_three_profile_mixture,3,62,49,62,49,Stroop,Flanker,"[{""accuracy_coverage"": 1.0, ""accuracy_mean"": 0.9133622774537086, ""accuracy_sd"": 0.151224403690124, ""mean_n_trials_valid"": 61.78636279414489, ""mean_response_speed_coverage"": 0.9985176950157496, ""mean_response_speed_mean"": 1.4457330697875728, ""mean_response_speed_sd"": 0.2629509658988427, ""median_rt_ms_coverage"": 0.9985176950157496, ""median_rt_ms_mean"": 679.7311189460011, ""median_rt_ms_sd"": 116.87799628445929, ""n_participants"": 222, ""n_repeat_participants"": 0, ""n_rows"": 5397, ""n_sessions"": 222, ""n_windows"": 5397, ""p10_n_trials_valid"": 43.0, ""p50_n_trials_valid"": 57.0, ""p90_n_trials_valid"": 97.0, ""rt_cv_coverage"": 0.9949972206781544, ""rt_cv_mean"": 0.2882360263068232, ""rt_cv_sd"": 0.0678926008432591, ""sd_n_trials_valid"": 21.400175433410247, ""source_dataset"": 62, ""task_id"": ""Stroop"", ""throughput_proxy_coverage"": 0.9985176950157496, ""throughput_proxy_mean"": 1.3745400972057442, ""throughput_proxy_sd"": 0.2932697695106828}, {""accuracy_coverage"": 1.0, ""accuracy_mean"": 0.9689074424743214, ""accuracy_sd"": 0.0554602123342668, ""mean_n_trials_valid"": 60.13375796178344, ""mean_response_speed_coverage"": 1.0, ""mean_response_speed_mean"": 1.497969581305574, ""mean_response_speed_sd"": 0.192660749412271, ""median_rt_ms_coverage"": 1.0, ""median_rt_ms_mean"": 670.6947699044586, ""median_rt_ms_sd"": 100.4503241913842, ""n_participants"": 157, ""n_repeat_participants"": 0, ""n_rows"": 1256, ""n_sessions"": 157, ""n_windows"": 1256, ""p10_n_trials_valid"": 51.0, ""p50_n_trials_valid"": 58.0, ""p90_n_trials_valid"": 70.0, ""rt_cv_coverage"": 1.0, ""rt_cv_mean"": 0.145445101359294, ""rt_cv_sd"": 0.0377492827410824, ""sd_n_trials_valid"": 7.675569390479383, ""source_dataset"": 49, ""task_id"": ""Flanker"", ""throughput_proxy_coverage"": 1.0, ""throughput_proxy_mean"": 1.476016377749154, ""throughput_proxy_sd"": 0.2185362371079095}]",20260810,268375794,1316106850,2032038213,4121260436,3577601880,2582805332,9699427176961a3064e9db8da23a3b287a441b1b,1e9c11e030dc0706c8941dfc08489bb6f63cac5d,81d22f2a942afd1652c169935f058b1634922d30,sha256:89a79a76aa63b86f96e9f0c4d11517adce044a9ea430dc558ea9c2da29faa4b5
3,ETW4_replicate_003,ETW4,M4_four_pace_profile_mixture,3,62,49,62,49,Stroop,Flanker,"[{""accuracy_coverage"": 1.0, ""accuracy_mean"": 0.9133622774537086, ""accuracy_sd"": 0.151224403690124, ""mean_n_trials_valid"": 61.78636279414489, ""mean_response_speed_coverage"": 0.9985176950157496, ""mean_response_speed_mean"": 1.4457330697875728, ""mean_response_speed_sd"": 0.2629509658988427, ""median_rt_ms_coverage"": 0.9985176950157496, ""median_rt_ms_mean"": 679.7311189460011, ""median_rt_ms_sd"": 116.87799628445929, ""n_participants"": 222, ""n_repeat_participants"": 0, ""n_rows"": 5397, ""n_sessions"": 222, ""n_windows"": 5397, ""p10_n_trials_valid"": 43.0, ""p50_n_trials_valid"": 57.0, ""p90_n_trials_valid"": 97.0, ""rt_cv_coverage"": 0.9949972206781544, ""rt_cv_mean"": 0.2882360263068232, ""rt_cv_sd"": 0.0678926008432591, ""sd_n_trials_valid"": 21.400175433410247, ""source_dataset"": 62, ""task_id"": ""Stroop"", ""throughput_proxy_coverage"": 0.9985176950157496, ""throughput_proxy_mean"": 1.3745400972057442, ""throughput_proxy_sd"": 0.2932697695106828}, {""accuracy_coverage"": 1.0, ""accuracy_mean"": 0.9689074424743214, ""accuracy_sd"": 0.0554602123342668, ""mean_n_trials_valid"": 60.13375796178344, ""mean_response_speed_coverage"": 1.0, ""mean_response_speed_mean"": 1.497969581305574, ""mean_response_speed_sd"": 0.192660749412271, ""median_rt_ms_coverage"": 1.0, ""median_rt_ms_mean"": 670.6947699044586, ""median_rt_ms_sd"": 100.4503241913842, ""n_participants"": 157, ""n_repeat_participants"": 0, ""n_rows"": 1256, ""n_sessions"": 157, ""n_windows"": 1256, ""p10_n_trials_valid"": 51.0, ""p50_n_trials_valid"": 58.0, ""p90_n_trials_valid"": 70.0, ""rt_cv_coverage"": 1.0, ""rt_cv_mean"": 0.145445101359294, ""rt_cv_sd"": 0.0377492827410824, ""sd_n_trials_valid"": 7.675569390479383, ""source_dataset"": 49, ""task_id"": ""Flanker"", ""throughput_proxy_coverage"": 1.0, ""throughput_proxy_mean"": 1.476016377749154, ""throughput_proxy_sd"": 0.2185362371079095}]",20260810,2045369652,4102706530,3721770555,2081275530,3987385203,3219710302,9699427176961a3064e9db8da23a3b287a441b1b,1e9c11e030dc0706c8941dfc08489bb6f63cac5d,81d22f2a942afd1652c169935f058b1634922d30,sha256:89a79a76aa63b86f96e9f0c4d11517adce044a9ea430dc558ea9c2da29faa4b5
4,ETW0_replicate_004,ETW0,M0_probabilistic_general_performance,4,53,51,53,51,Stroop,Flanker,"[{""accuracy_coverage"": 1.0, ""accuracy_mean"": 0.9778460743801652, ""accuracy_sd"": 0.0248464192652838, ""mean_n_trials_valid"": 67.14049586776859, ""mean_response_speed_coverage"": 1.0, ""mean_response_speed_mean"": 1.4801760418630876, ""mean_response_speed_sd"": 0.202529667845261, ""median_rt_ms_coverage"": 1.0, ""median_rt_ms_mean"": 677.5396694214876, ""median_rt_ms_sd"": 95.9053284911903, ""n_participants"": 121, ""n_repeat_participants"": 0, ""n_rows"": 605, ""n_sessions"": 121, ""n_windows"": 605, ""p10_n_trials_valid"": 50.0, ""p50_n_trials_valid"": 58.0, ""p90_n_trials_valid"": 105.0, ""rt_cv_coverage"": 1.0, ""rt_cv_mean"": 0.1619271611537501, ""rt_cv_sd"": 0.0419923202556877, ""sd_n_trials_valid"": 20.18347374305249, ""source_dataset"": 53, ""task_id"": ""Stroop"", ""throughput_proxy_coverage"": 1.0, ""throughput_proxy_mean"": 1.4699519676646835, ""throughput_proxy_sd"": 0.1957693572918727}, {""accuracy_coverage"": 1.0, ""accuracy_mean"": 0.9297189070351756, ""accuracy_sd"": 0.0604166020564089, ""mean_n_trials_valid"": 59.83040201005025, ""mean_response_speed_coverage"": 1.0, ""mean_response_speed_mean"": 2.009789339273083, ""mean_response_speed_sd"": 0.2579739139469649, ""median_rt_ms_coverage"": 1.0, ""median_rt_ms_mean"": 496.4155150753769, ""median_rt_ms_sd"": 66.86259156910758, ""n_participants"": 199, ""n_repeat_participants"": 0, ""n_rows"": 1592, ""n_sessions"": 199, ""n_windows"": 1592, ""p10_n_trials_valid"": 48.0, ""p50_n_trials_valid"": 57.0, ""p90_n_trials_valid"": 73.0, ""rt_cv_coverage"": 1.0, ""rt_cv_mean"": 0.1777183089020972, ""rt_cv_sd"": 0.0386746592653897, ""sd_n_trials_valid"": 9.865475055889954, ""source_dataset"": 51, ""task_id"": ""Flanker"", ""throughput_proxy_coverage"": 1.0, ""throughput_proxy_mean"": 1.9029080125114812, ""throughput_proxy_sd"": 0.2556276517097464}]",20260810,1384579826,2982334052,1613053910,728138075,853058078,2622639766,9699427176961a3064e9db8da23a3b287a441b1b,1e9c11e030dc0706c8941dfc08489bb6f63cac5d,81d22f2a942afd1652c169935f058b1634922d30,sha256:89a79a76aa63b86f96e9f0c4d11517adce044a9ea430dc558ea9c2da29faa4b5
4,ETW1_replicate_004,ETW1,M1_continuous_control_manifold,4,53,51,53,51,Stroop,Flanker,"[{""accuracy_coverage"": 1.0, ""accuracy_mean"": 0.9778460743801652, ""accuracy_sd"": 0.0248464192652838, ""mean_n_trials_valid"": 67.14049586776859, ""mean_response_speed_coverage"": 1.0, ""mean_response_speed_mean"": 1.4801760418630876, ""mean_response_speed_sd"": 0.202529667845261, ""median_rt_ms_coverage"": 1.0, ""median_rt_ms_mean"": 677.5396694214876, ""median_rt_ms_sd"": 95.9053284911903, ""n_participants"": 121, ""n_repeat_participants"": 0, ""n_rows"": 605, ""n_sessions"": 121, ""n_windows"": 605, ""p10_n_trials_valid"": 50.0, ""p50_n_trials_valid"": 58.0, ""p90_n_trials_valid"": 105.0, ""rt_cv_coverage"": 1.0, ""rt_cv_mean"": 0.1619271611537501, ""rt_cv_sd"": 0.0419923202556877, ""sd_n_trials_valid"": 20.18347374305249, ""source_dataset"": 53, ""task_id"": ""Stroop"", ""throughput_proxy_coverage"": 1.0, ""throughput_proxy_mean"": 1.4699519676646835, ""throughput_proxy_sd"": 0.1957693572918727}, {""accuracy_coverage"": 1.0, ""accuracy_mean"": 0.9297189070351756, ""accuracy_sd"": 0.0604166020564089, ""mean_n_trials_valid"": 59.83040201005025, ""mean_response_speed_coverage"": 1.0, ""mean_response_speed_mean"": 2.009789339273083, ""mean_response_speed_sd"": 0.2579739139469649, ""median_rt_ms_coverage"": 1.0, ""median_rt_ms_mean"": 496.4155150753769, ""median_rt_ms_sd"": 66.86259156910758, ""n_participants"": 199, ""n_repeat_participants"": 0, ""n_rows"": 1592, ""n_sessions"": 199, ""n_windows"": 1592, ""p10_n_trials_valid"": 48.0, ""p50_n_trials_valid"": 57.0, ""p90_n_trials_valid"": 73.0, ""rt_cv_coverage"": 1.0, ""rt_cv_mean"": 0.1777183089020972, ""rt_cv_sd"": 0.0386746592653897, ""sd_n_trials_valid"": 9.865475055889954, ""source_dataset"": 51, ""task_id"": ""Flanker"", ""throughput_proxy_coverage"": 1.0, ""throughput_proxy_mean"": 1.9029080125114812, ""throughput_proxy_sd"": 0.2556276517097464}]",20260810,2338431283,676052808,1513572125,1191427557,2702354832,3855026788,9699427176961a3064e9db8da23a3b287a441b1b,1e9c11e030dc0706c8941dfc08489bb6f63cac5d,81d22f2a942afd1652c169935f058b1634922d30,sha256:89a79a76aa63b86f96e9f0c4d11517adce044a9ea430dc558ea9c2da29faa4b5
4,ETW2_replicate_004,ETW2,M2_EM_v1,4,53,51,53,51,Stroop,Flanker,"[{""accuracy_coverage"": 1.0, ""accuracy_mean"": 0.9778460743801652, ""accuracy_sd"": 0.0248464192652838, ""mean_n_trials_valid"": 67.14049586776859, ""mean_response_speed_coverage"": 1.0, ""mean_response_speed_mean"": 1.4801760418630876, ""mean_response_speed_sd"": 0.202529667845261, ""median_rt_ms_coverage"": 1.0, ""median_rt_ms_mean"": 677.5396694214876, ""median_rt_ms_sd"": 95.9053284911903, ""n_participants"": 121, ""n_repeat_participants"": 0, ""n_rows"": 605, ""n_sessions"": 121, ""n_windows"": 605, ""p10_n_trials_valid"": 50.0, ""p50_n_trials_valid"": 58.0, ""p90_n_trials_valid"": 105.0, ""rt_cv_coverage"": 1.0, ""rt_cv_mean"": 0.1619271611537501, ""rt_cv_sd"": 0.0419923202556877, ""sd_n_trials_valid"": 20.18347374305249, ""source_dataset"": 53, ""task_id"": ""Stroop"", ""throughput_proxy_coverage"": 1.0, ""throughput_proxy_mean"": 1.4699519676646835, ""throughput_proxy_sd"": 0.1957693572918727}, {""accuracy_coverage"": 1.0, ""accuracy_mean"": 0.9297189070351756, ""accuracy_sd"": 0.0604166020564089, ""mean_n_trials_valid"": 59.83040201005025, ""mean_response_speed_coverage"": 1.0, ""mean_response_speed_mean"": 2.009789339273083, ""mean_response_speed_sd"": 0.2579739139469649, ""median_rt_ms_coverage"": 1.0, ""median_rt_ms_mean"": 496.4155150753769, ""median_rt_ms_sd"": 66.86259156910758, ""n_participants"": 199, ""n_repeat_participants"": 0, ""n_rows"": 1592, ""n_sessions"": 199, ""n_windows"": 1592, ""p10_n_trials_valid"": 48.0, ""p50_n_trials_valid"": 57.0, ""p90_n_trials_valid"": 73.0, ""rt_cv_coverage"": 1.0, ""rt_cv_mean"": 0.1777183089020972, ""rt_cv_sd"": 0.0386746592653897, ""sd_n_trials_valid"": 9.865475055889954, ""source_dataset"": 51, ""task_id"": ""Flanker"", ""throughput_proxy_coverage"": 1.0, ""throughput_proxy_mean"": 1.9029080125114812, ""throughput_proxy_sd"": 0.2556276517097464}]",20260810,1411328642,3602733164,3609655502,380431478,1782198990,233333936,9699427176961a3064e9db8da23a3b287a441b1b,1e9c11e030dc0706c8941dfc08489bb6f63cac5d,81d22f2a942afd1652c169935f058b1634922d30,sha256:89a79a76aa63b86f96e9f0c4d11517adce044a9ea430dc558ea9c2da29faa4b5
4,ETW3_replicate_004,ETW3,M3_three_profile_mixture,4,53,51,53,51,Stroop,Flanker,"[{""accuracy_coverage"": 1.0, ""accuracy_mean"": 0.9778460743801652, ""accuracy_sd"": 0.0248464192652838, ""mean_n_trials_valid"": 67.14049586776859, ""mean_response_speed_coverage"": 1.0, ""mean_response_speed_mean"": 1.4801760418630876, ""mean_response_speed_sd"": 0.202529667845261, ""median_rt_ms_coverage"": 1.0, ""median_rt_ms_mean"": 677.5396694214876, ""median_rt_ms_sd"": 95.9053284911903, ""n_participants"": 121, ""n_repeat_participants"": 0, ""n_rows"": 605, ""n_sessions"": 121, ""n_windows"": 605, ""p10_n_trials_valid"": 50.0, ""p50_n_trials_valid"": 58.0, ""p90_n_trials_valid"": 105.0, ""rt_cv_coverage"": 1.0, ""rt_cv_mean"": 0.1619271611537501, ""rt_cv_sd"": 0.0419923202556877, ""sd_n_trials_valid"": 20.18347374305249, ""source_dataset"": 53, ""task_id"": ""Stroop"", ""throughput_proxy_coverage"": 1.0, ""throughput_proxy_mean"": 1.4699519676646835, ""throughput_proxy_sd"": 0.1957693572918727}, {""accuracy_coverage"": 1.0, ""accuracy_mean"": 0.9297189070351756, ""accuracy_sd"": 0.0604166020564089, ""mean_n_trials_valid"": 59.83040201005025, ""mean_response_speed_coverage"": 1.0, ""mean_response_speed_mean"": 2.009789339273083, ""mean_response_speed_sd"": 0.2579739139469649, ""median_rt_ms_coverage"": 1.0, ""median_rt_ms_mean"": 496.4155150753769, ""median_rt_ms_sd"": 66.86259156910758, ""n_participants"": 199, ""n_repeat_participants"": 0, ""n_rows"": 1592, ""n_sessions"": 199, ""n_windows"": 1592, ""p10_n_trials_valid"": 48.0, ""p50_n_trials_valid"": 57.0, ""p90_n_trials_valid"": 73.0, ""rt_cv_coverage"": 1.0, ""rt_cv_mean"": 0.1777183089020972, ""rt_cv_sd"": 0.0386746592653897, ""sd_n_trials_valid"": 9.865475055889954, ""source_dataset"": 51, ""task_id"": ""Flanker"", ""throughput_proxy_coverage"": 1.0, ""throughput_proxy_mean"": 1.9029080125114812, ""throughput_proxy_sd"": 0.2556276517097464}]",20260810,36400047,1259710572,852685246,1450530588,1874486886,33204528,9699427176961a3064e9db8da23a3b287a441b1b,1e9c11e030dc0706c8941dfc08489bb6f63cac5d,81d22f2a942afd1652c169935f058b1634922d30,sha256:89a79a76aa63b86f96e9f0c4d11517adce044a9ea430dc558ea9c2da29faa4b5
4,ETW4_replicate_004,ETW4,M4_four_pace_profile_mixture,4,53,51,53,51,Stroop,Flanker,"[{""accuracy_coverage"": 1.0, ""accuracy_mean"": 0.9778460743801652, ""accuracy_sd"": 0.0248464192652838, ""mean_n_trials_valid"": 67.14049586776859, ""mean_response_speed_coverage"": 1.0, ""mean_response_speed_mean"": 1.4801760418630876, ""mean_response_speed_sd"": 0.202529667845261, ""median_rt_ms_coverage"": 1.0, ""median_rt_ms_mean"": 677.5396694214876, ""median_rt_ms_sd"": 95.9053284911903, ""n_participants"": 121, ""n_repeat_participants"": 0, ""n_rows"": 605, ""n_sessions"": 121, ""n_windows"": 605, ""p10_n_trials_valid"": 50.0, ""p50_n_trials_valid"": 58.0, ""p90_n_trials_valid"": 105.0, ""rt_cv_coverage"": 1.0, ""rt_cv_mean"": 0.1619271611537501, ""rt_cv_sd"": 0.0419923202556877, ""sd_n_trials_valid"": 20.18347374305249, ""source_dataset"": 53, ""task_id"": ""Stroop"", ""throughput_proxy_coverage"": 1.0, ""throughput_proxy_mean"": 1.4699519676646835, ""throughput_proxy_sd"": 0.1957693572918727}, {""accuracy_coverage"": 1.0, ""accuracy_mean"": 0.9297189070351756, ""accuracy_sd"": 0.0604166020564089, ""mean_n_trials_valid"": 59.83040201005025, ""mean_response_speed_coverage"": 1.0, ""mean_response_speed_mean"": 2.009789339273083, ""mean_response_speed_sd"": 0.2579739139469649, ""median_rt_ms_coverage"": 1.0, ""median_rt_ms_mean"": 496.4155150753769, ""median_rt_ms_sd"": 66.86259156910758, ""n_participants"": 199, ""n_repeat_participants"": 0, ""n_rows"": 1592, ""n_sessions"": 199, ""n_windows"": 1592, ""p10_n_trials_valid"": 48.0, ""p50_n_trials_valid"": 57.0, ""p90_n_trials_valid"": 73.0, ""rt_cv_coverage"": 1.0, ""rt_cv_mean"": 0.1777183089020972, ""rt_cv_sd"": 0.0386746592653897, ""sd_n_trials_valid"": 9.865475055889954, ""source_dataset"": 51, ""task_id"": ""Flanker"", ""throughput_proxy_coverage"": 1.0, ""throughput_proxy_mean"": 1.9029080125114812, ""throughput_proxy_sd"": 0.2556276517097464}]",20260810,3508850412,1484426036,1702286476,2684455018,376866729,2093668927,9699427176961a3064e9db8da23a3b287a441b1b,1e9c11e030dc0706c8941dfc08489bb6f63cac5d,81d22f2a942afd1652c169935f058b1634922d30,sha256:89a79a76aa63b86f96e9f0c4d11517adce044a9ea430dc558ea9c2da29faa4b5
5,ETW0_replicate_005,ETW0,M0_probabilistic_general_performance,5,21,64,21,64,Stroop,Flanker,"[{""accuracy_coverage"": 1.0, ""accuracy_mean"": 0.9721070148489503, ""accuracy_sd"": 0.0333685071435211, ""mean_n_trials_valid"": 54.0, ""mean_response_speed_coverage"": 1.0, ""mean_response_speed_mean"": 1.668217864383276, ""mean_response_speed_sd"": 0.2903399610380872, ""median_rt_ms_coverage"": 1.0, ""median_rt_ms_mean"": 611.1021505376344, ""median_rt_ms_sd"": 107.6161863425654, ""n_participants"": 93, ""n_repeat_participants"": 0, ""n_rows"": 186, ""n_sessions"": 93, ""n_windows"": 186, ""p10_n_trials_valid"": 50.0, ""p50_n_trials_valid"": 54.0, ""p90_n_trials_valid"": 58.0, ""rt_cv_coverage"": 1.0, ""rt_cv_mean"": 0.1959512454432753, ""rt_cv_sd"": 0.0446824457242609, ""sd_n_trials_valid"": 3.236614848213435, ""source_dataset"": 21, ""task_id"": ""Stroop"", ""throughput_proxy_coverage"": 1.0, ""throughput_proxy_mean"": 1.6378822262894126, ""throughput_proxy_sd"": 0.2793890999240052}, {""accuracy_coverage"": 1.0, ""accuracy_mean"": 0.945572067742424, ""accuracy_sd"": 0.0618703723612207, ""mean_n_trials_valid"": 66.89636121165937, ""mean_response_speed_coverage"": 1.0, ""mean_response_speed_mean"": 1.5144172133282563, ""mean_response_speed_sd"": 0.241751308896089, ""median_rt_ms_coverage"": 1.0, ""median_rt_ms_mean"": 661.7832920556297, ""median_rt_ms_sd"": 113.16706050443824, ""n_participants"": 224, ""n_repeat_participants"": 0, ""n_rows"": 5249, ""n_sessions"": 224, ""n_windows"": 5249, ""p10_n_trials_valid"": 47.0, ""p50_n_trials_valid"": 61.0, ""p90_n_trials_valid"": 103.0, ""rt_cv_coverage"": 1.0, ""rt_cv_mean"": 0.2194524567758546, ""rt_cv_sd"": 0.0611176375455861, ""sd_n_trials_valid"": 20.45837917080262, ""source_dataset"": 64, ""task_id"": ""Flanker"", ""throughput_proxy_coverage"": 1.0, ""throughput_proxy_mean"": 1.4645433273864774, ""throughput_proxy_sd"": 0.237005789604552}]",20260810,582135540,4036951459,1995690934,2934575537,1323235643,3925384109,9699427176961a3064e9db8da23a3b287a441b1b,1e9c11e030dc0706c8941dfc08489bb6f63cac5d,81d22f2a942afd1652c169935f058b1634922d30,sha256:89a79a76aa63b86f96e9f0c4d11517adce044a9ea430dc558ea9c2da29faa4b5
5,ETW1_replicate_005,ETW1,M1_continuous_control_manifold,5,21,64,21,64,Stroop,Flanker,"[{""accuracy_coverage"": 1.0, ""accuracy_mean"": 0.9721070148489503, ""accuracy_sd"": 0.0333685071435211, ""mean_n_trials_valid"": 54.0, ""mean_response_speed_coverage"": 1.0, ""mean_response_speed_mean"": 1.668217864383276, ""mean_response_speed_sd"": 0.2903399610380872, ""median_rt_ms_coverage"": 1.0, ""median_rt_ms_mean"": 611.1021505376344, ""median_rt_ms_sd"": 107.6161863425654, ""n_participants"": 93, ""n_repeat_participants"": 0, ""n_rows"": 186, ""n_sessions"": 93, ""n_windows"": 186, ""p10_n_trials_valid"": 50.0, ""p50_n_trials_valid"": 54.0, ""p90_n_trials_valid"": 58.0, ""rt_cv_coverage"": 1.0, ""rt_cv_mean"": 0.1959512454432753, ""rt_cv_sd"": 0.0446824457242609, ""sd_n_trials_valid"": 3.236614848213435, ""source_dataset"": 21, ""task_id"": ""Stroop"", ""throughput_proxy_coverage"": 1.0, ""throughput_proxy_mean"": 1.6378822262894126, ""throughput_proxy_sd"": 0.2793890999240052}, {""accuracy_coverage"": 1.0, ""accuracy_mean"": 0.945572067742424, ""accuracy_sd"": 0.0618703723612207, ""mean_n_trials_valid"": 66.89636121165937, ""mean_response_speed_coverage"": 1.0, ""mean_response_speed_mean"": 1.5144172133282563, ""mean_response_speed_sd"": 0.241751308896089, ""median_rt_ms_coverage"": 1.0, ""median_rt_ms_mean"": 661.7832920556297, ""median_rt_ms_sd"": 113.16706050443824, ""n_participants"": 224, ""n_repeat_participants"": 0, ""n_rows"": 5249, ""n_sessions"": 224, ""n_windows"": 5249, ""p10_n_trials_valid"": 47.0, ""p50_n_trials_valid"": 61.0, ""p90_n_trials_valid"": 103.0, ""rt_cv_coverage"": 1.0, ""rt_cv_mean"": 0.2194524567758546, ""rt_cv_sd"": 0.0611176375455861, ""sd_n_trials_valid"": 20.45837917080262, ""source_dataset"": 64, ""task_id"": ""Flanker"", ""throughput_proxy_coverage"": 1.0, ""throughput_proxy_mean"": 1.4645433273864774, ""throughput_proxy_sd"": 0.237005789604552}]",20260810,2838086868,601527790,1772768216,1199128139,1416637648,32503693,9699427176961a3064e9db8da23a3b287a441b1b,1e9c11e030dc0706c8941dfc08489bb6f63cac5d,81d22f2a942afd1652c169935f058b1634922d30,sha256:89a79a76aa63b86f96e9f0c4d11517adce044a9ea430dc558ea9c2da29faa4b5
5,ETW2_replicate_005,ETW2,M2_EM_v1,5,21,64,21,64,Stroop,Flanker,"[{""accuracy_coverage"": 1.0, ""accuracy_mean"": 0.9721070148489503, ""accuracy_sd"": 0.0333685071435211, ""mean_n_trials_valid"": 54.0, ""mean_response_speed_coverage"": 1.0, ""mean_response_speed_mean"": 1.668217864383276, ""mean_response_speed_sd"": 0.2903399610380872, ""median_rt_ms_coverage"": 1.0, ""median_rt_ms_mean"": 611.1021505376344, ""median_rt_ms_sd"": 107.6161863425654, ""n_participants"": 93, ""n_repeat_participants"": 0, ""n_rows"": 186, ""n_sessions"": 93, ""n_windows"": 186, ""p10_n_trials_valid"": 50.0, ""p50_n_trials_valid"": 54.0, ""p90_n_trials_valid"": 58.0, ""rt_cv_coverage"": 1.0, ""rt_cv_mean"": 0.1959512454432753, ""rt_cv_sd"": 0.0446824457242609, ""sd_n_trials_valid"": 3.236614848213435, ""source_dataset"": 21, ""task_id"": ""Stroop"", ""throughput_proxy_coverage"": 1.0, ""throughput_proxy_mean"": 1.6378822262894126, ""throughput_proxy_sd"": 0.2793890999240052}, {""accuracy_coverage"": 1.0, ""accuracy_mean"": 0.945572067742424, ""accuracy_sd"": 0.0618703723612207, ""mean_n_trials_valid"": 66.89636121165937, ""mean_response_speed_coverage"": 1.0, ""mean_response_speed_mean"": 1.5144172133282563, ""mean_response_speed_sd"": 0.241751308896089, ""median_rt_ms_coverage"": 1.0, ""median_rt_ms_mean"": 661.7832920556297, ""median_rt_ms_sd"": 113.16706050443824, ""n_participants"": 224, ""n_repeat_participants"": 0, ""n_rows"": 5249, ""n_sessions"": 224, ""n_windows"": 5249, ""p10_n_trials_valid"": 47.0, ""p50_n_trials_valid"": 61.0, ""p90_n_trials_valid"": 103.0, ""rt_cv_coverage"": 1.0, ""rt_cv_mean"": 0.2194524567758546, ""rt_cv_sd"": 0.0611176375455861, ""sd_n_trials_valid"": 20.45837917080262, ""source_dataset"": 64, ""task_id"": ""Flanker"", ""throughput_proxy_coverage"": 1.0, ""throughput_proxy_mean"": 1.4645433273864774, ""throughput_proxy_sd"": 0.237005789604552}]",20260810,3964845111,1353438179,87444821,1393176004,3847529261,140939301,9699427176961a3064e9db8da23a3b287a441b1b,1e9c11e030dc0706c8941dfc08489bb6f63cac5d,81d22f2a942afd1652c169935f058b1634922d30,sha256:89a79a76aa63b86f96e9f0c4d11517adce044a9ea430dc558ea9c2da29faa4b5
5,ETW3_replicate_005,ETW3,M3_three_profile_mixture,5,21,64,21,64,Stroop,Flanker,"[{""accuracy_coverage"": 1.0, ""accuracy_mean"": 0.9721070148489503, ""accuracy_sd"": 0.0333685071435211, ""mean_n_trials_valid"": 54.0, ""mean_response_speed_coverage"": 1.0, ""mean_response_speed_mean"": 1.668217864383276, ""mean_response_speed_sd"": 0.2903399610380872, ""median_rt_ms_coverage"": 1.0, ""median_rt_ms_mean"": 611.1021505376344, ""median_rt_ms_sd"": 107.6161863425654, ""n_participants"": 93, ""n_repeat_participants"": 0, ""n_rows"": 186, ""n_sessions"": 93, ""n_windows"": 186, ""p10_n_trials_valid"": 50.0, ""p50_n_trials_valid"": 54.0, ""p90_n_trials_valid"": 58.0, ""rt_cv_coverage"": 1.0, ""rt_cv_mean"": 0.1959512454432753, ""rt_cv_sd"": 0.0446824457242609, ""sd_n_trials_valid"": 3.236614848213435, ""source_dataset"": 21, ""task_id"": ""Stroop"", ""throughput_proxy_coverage"": 1.0, ""throughput_proxy_mean"": 1.6378822262894126, ""throughput_proxy_sd"": 0.2793890999240052}, {""accuracy_coverage"": 1.0, ""accuracy_mean"": 0.945572067742424, ""accuracy_sd"": 0.0618703723612207, ""mean_n_trials_valid"": 66.89636121165937, ""mean_response_speed_coverage"": 1.0, ""mean_response_speed_mean"": 1.5144172133282563, ""mean_response_speed_sd"": 0.241751308896089, ""median_rt_ms_coverage"": 1.0, ""median_rt_ms_mean"": 661.7832920556297, ""median_rt_ms_sd"": 113.16706050443824, ""n_participants"": 224, ""n_repeat_participants"": 0, ""n_rows"": 5249, ""n_sessions"": 224, ""n_windows"": 5249, ""p10_n_trials_valid"": 47.0, ""p50_n_trials_valid"": 61.0, ""p90_n_trials_valid"": 103.0, ""rt_cv_coverage"": 1.0, ""rt_cv_mean"": 0.2194524567758546, ""rt_cv_sd"": 0.0611176375455861, ""sd_n_trials_valid"": 20.45837917080262, ""source_dataset"": 64, ""task_id"": ""Flanker"", ""throughput_proxy_coverage"": 1.0, ""throughput_proxy_mean"": 1.4645433273864774, ""throughput_proxy_sd"": 0.237005789604552}]",20260810,3478398368,2319039423,3290512450,1634198499,3967266407,168437408,9699427176961a3064e9db8da23a3b287a441b1b,1e9c11e030dc0706c8941dfc08489bb6f63cac5d,81d22f2a942afd1652c169935f058b1634922d30,sha256:89a79a76aa63b86f96e9f0c4d11517adce044a9ea430dc558ea9c2da29faa4b5
5,ETW4_replicate_005,ETW4,M4_four_pace_profile_mixture,5,21,64,21,64,Stroop,Flanker,"[{""accuracy_coverage"": 1.0, ""accuracy_mean"": 0.9721070148489503, ""accuracy_sd"": 0.0333685071435211, ""mean_n_trials_valid"": 54.0, ""mean_response_speed_coverage"": 1.0, ""mean_response_speed_mean"": 1.668217864383276, ""mean_response_speed_sd"": 0.2903399610380872, ""median_rt_ms_coverage"": 1.0, ""median_rt_ms_mean"": 611.1021505376344, ""median_rt_ms_sd"": 107.6161863425654, ""n_participants"": 93, ""n_repeat_participants"": 0, ""n_rows"": 186, ""n_sessions"": 93, ""n_windows"": 186, ""p10_n_trials_valid"": 50.0, ""p50_n_trials_valid"": 54.0, ""p90_n_trials_valid"": 58.0, ""rt_cv_coverage"": 1.0, ""rt_cv_mean"": 0.1959512454432753, ""rt_cv_sd"": 0.0446824457242609, ""sd_n_trials_valid"": 3.236614848213435, ""source_dataset"": 21, ""task_id"": ""Stroop"", ""throughput_proxy_coverage"": 1.0, ""throughput_proxy_mean"": 1.6378822262894126, ""throughput_proxy_sd"": 0.2793890999240052}, {""accuracy_coverage"": 1.0, ""accuracy_mean"": 0.945572067742424, ""accuracy_sd"": 0.0618703723612207, ""mean_n_trials_valid"": 66.89636121165937, ""mean_response_speed_coverage"": 1.0, ""mean_response_speed_mean"": 1.5144172133282563, ""mean_response_speed_sd"": 0.241751308896089, ""median_rt_ms_coverage"": 1.0, ""median_rt_ms_mean"": 661.7832920556297, ""median_rt_ms_sd"": 113.16706050443824, ""n_participants"": 224, ""n_repeat_participants"": 0, ""n_rows"": 5249, ""n_sessions"": 224, ""n_windows"": 5249, ""p10_n_trials_valid"": 47.0, ""p50_n_trials_valid"": 61.0, ""p90_n_trials_valid"": 103.0, ""rt_cv_coverage"": 1.0, ""rt_cv_mean"": 0.2194524567758546, ""rt_cv_sd"": 0.0611176375455861, ""sd_n_trials_valid"": 20.45837917080262, ""source_dataset"": 64, ""task_id"": ""Flanker"", ""throughput_proxy_coverage"": 1.0, ""throughput_proxy_mean"": 1.4645433273864774, ""throughput_proxy_sd"": 0.237005789604552}]",20260810,874216437,2899383276,2414671121,1524914053,1958475370,2799972991,9699427176961a3064e9db8da23a3b287a441b1b,1e9c11e030dc0706c8941dfc08489bb6f63cac5d,81d22f2a942afd1652c169935f058b1634922d30,sha256:89a79a76aa63b86f96e9f0c4d11517adce044a9ea430dc558ea9c2da29faa4b5
6,ETW0_replicate_006,ETW0,M0_probabilistic_general_performance,6,19,58,19,58,Stroop,Flanker,"[{""accuracy_coverage"": 1.0, ""accuracy_mean"": 0.964708419599724, ""accuracy_sd"": 0.0829372529986036, ""mean_n_trials_valid"": 53.7463768115942, ""mean_response_speed_coverage"": 1.0, ""mean_response_speed_mean"": 1.7755901961120617, ""mean_response_speed_sd"": 0.4242421300400805, ""median_rt_ms_coverage"": 1.0, ""median_rt_ms_mean"": 576.981884057971, ""median_rt_ms_sd"": 91.76284471734316, ""n_participants"": 138, ""n_repeat_participants"": 0, ""n_rows"": 276, ""n_sessions"": 138, ""n_windows"": 276, ""p10_n_trials_valid"": 50.0, ""p50_n_trials_valid"": 55.0, ""p90_n_trials_valid"": 58.0, ""rt_cv_coverage"": 1.0, ""rt_cv_mean"": 0.1735227979202918, ""rt_cv_sd"": 0.0493335768808815, ""sd_n_trials_valid"": 6.934563334698967, ""source_dataset"": 19, ""task_id"": ""Stroop"", ""throughput_proxy_coverage"": 1.0, ""throughput_proxy_mean"": 1.6992743617475607, ""throughput_proxy_sd"": 0.2198023051493426}, {""accuracy_coverage"": 1.0, ""accuracy_mean"": 0.9156720736103208, ""accuracy_sd"": 0.1264153487654598, ""mean_n_trials_valid"": 59.73010813887308, ""mean_response_speed_coverage"": 0.9998861696072852, ""mean_response_speed_mean"": 1.619577355811272, ""mean_response_speed_sd"": 0.3558328252140712, ""median_rt_ms_coverage"": 0.9998861696072852, ""median_rt_ms_mean"": 631.8662340619308, ""median_rt_ms_sd"": 135.63204913470477, ""n_participants"": 221, ""n_repeat_participants"": 0, ""n_rows"": 8785, ""n_sessions"": 221, ""n_windows"": 8785, ""p10_n_trials_valid"": 38.0, ""p50_n_trials_valid"": 53.0, ""p90_n_trials_valid"": 101.0, ""rt_cv_coverage"": 0.9996585088218556, ""rt_cv_mean"": 0.2048068989419986, ""rt_cv_sd"": 0.0662301071717703, ""sd_n_trials_valid"": 23.06238837499029, ""source_dataset"": 58, ""task_id"": ""Flanker"", ""throughput_proxy_coverage"": 0.9998861696072852, ""throughput_proxy_mean"": 1.5033372515116163, ""throughput_proxy_sd"": 0.3366055625374014}]",20260810,2829828829,521516772,1208732912,619050232,1738705525,2936682133,9699427176961a3064e9db8da23a3b287a441b1b,1e9c11e030dc0706c8941dfc08489bb6f63cac5d,81d22f2a942afd1652c169935f058b1634922d30,sha256:89a79a76aa63b86f96e9f0c4d11517adce044a9ea430dc558ea9c2da29faa4b5
6,ETW1_replicate_006,ETW1,M1_continuous_control_manifold,6,19,58,19,58,Stroop,Flanker,"[{""accuracy_coverage"": 1.0, ""accuracy_mean"": 0.964708419599724, ""accuracy_sd"": 0.0829372529986036, ""mean_n_trials_valid"": 53.7463768115942, ""mean_response_speed_coverage"": 1.0, ""mean_response_speed_mean"": 1.7755901961120617, ""mean_response_speed_sd"": 0.4242421300400805, ""median_rt_ms_coverage"": 1.0, ""median_rt_ms_mean"": 576.981884057971, ""median_rt_ms_sd"": 91.76284471734316, ""n_participants"": 138, ""n_repeat_participants"": 0, ""n_rows"": 276, ""n_sessions"": 138, ""n_windows"": 276, ""p10_n_trials_valid"": 50.0, ""p50_n_trials_valid"": 55.0, ""p90_n_trials_valid"": 58.0, ""rt_cv_coverage"": 1.0, ""rt_cv_mean"": 0.1735227979202918, ""rt_cv_sd"": 0.0493335768808815, ""sd_n_trials_valid"": 6.934563334698967, ""source_dataset"": 19, ""task_id"": ""Stroop"", ""throughput_proxy_coverage"": 1.0, ""throughput_proxy_mean"": 1.6992743617475607, ""throughput_proxy_sd"": 0.2198023051493426}, {""accuracy_coverage"": 1.0, ""accuracy_mean"": 0.9156720736103208, ""accuracy_sd"": 0.1264153487654598, ""mean_n_trials_valid"": 59.73010813887308, ""mean_response_speed_coverage"": 0.9998861696072852, ""mean_response_speed_mean"": 1.619577355811272, ""mean_response_speed_sd"": 0.3558328252140712, ""median_rt_ms_coverage"": 0.9998861696072852, ""median_rt_ms_mean"": 631.8662340619308, ""median_rt_ms_sd"": 135.63204913470477, ""n_participants"": 221, ""n_repeat_participants"": 0, ""n_rows"": 8785, ""n_sessions"": 221, ""n_windows"": 8785, ""p10_n_trials_valid"": 38.0, ""p50_n_trials_valid"": 53.0, ""p90_n_trials_valid"": 101.0, ""rt_cv_coverage"": 0.9996585088218556, ""rt_cv_mean"": 0.2048068989419986, ""rt_cv_sd"": 0.0662301071717703, ""sd_n_trials_valid"": 23.06238837499029, ""source_dataset"": 58, ""task_id"": ""Flanker"", ""throughput_proxy_coverage"": 0.9998861696072852, ""throughput_proxy_mean"": 1.5033372515116163, ""throughput_proxy_sd"": 0.3366055625374014}]",20260810,53368188,3931367669,130486337,3674550243,4148105807,3239094779,9699427176961a3064e9db8da23a3b287a441b1b,1e9c11e030dc0706c8941dfc08489bb6f63cac5d,81d22f2a942afd1652c169935f058b1634922d30,sha256:89a79a76aa63b86f96e9f0c4d11517adce044a9ea430dc558ea9c2da29faa4b5
6,ETW2_replicate_006,ETW2,M2_EM_v1,6,19,58,19,58,Stroop,Flanker,"[{""accuracy_coverage"": 1.0, ""accuracy_mean"": 0.964708419599724, ""accuracy_sd"": 0.0829372529986036, ""mean_n_trials_valid"": 53.7463768115942, ""mean_response_speed_coverage"": 1.0, ""mean_response_speed_mean"": 1.7755901961120617, ""mean_response_speed_sd"": 0.4242421300400805, ""median_rt_ms_coverage"": 1.0, ""median_rt_ms_mean"": 576.981884057971, ""median_rt_ms_sd"": 91.76284471734316, ""n_participants"": 138, ""n_repeat_participants"": 0, ""n_rows"": 276, ""n_sessions"": 138, ""n_windows"": 276, ""p10_n_trials_valid"": 50.0, ""p50_n_trials_valid"": 55.0, ""p90_n_trials_valid"": 58.0, ""rt_cv_coverage"": 1.0, ""rt_cv_mean"": 0.1735227979202918, ""rt_cv_sd"": 0.0493335768808815, ""sd_n_trials_valid"": 6.934563334698967, ""source_dataset"": 19, ""task_id"": ""Stroop"", ""throughput_proxy_coverage"": 1.0, ""throughput_proxy_mean"": 1.6992743617475607, ""throughput_proxy_sd"": 0.2198023051493426}, {""accuracy_coverage"": 1.0, ""accuracy_mean"": 0.9156720736103208, ""accuracy_sd"": 0.1264153487654598, ""mean_n_trials_valid"": 59.73010813887308, ""mean_response_speed_coverage"": 0.9998861696072852, ""mean_response_speed_mean"": 1.619577355811272, ""mean_response_speed_sd"": 0.3558328252140712, ""median_rt_ms_coverage"": 0.9998861696072852, ""median_rt_ms_mean"": 631.8662340619308, ""median_rt_ms_sd"": 135.63204913470477, ""n_participants"": 221, ""n_repeat_participants"": 0, ""n_rows"": 8785, ""n_sessions"": 221, ""n_windows"": 8785, ""p10_n_trials_valid"": 38.0, ""p50_n_trials_valid"": 53.0, ""p90_n_trials_valid"": 101.0, ""rt_cv_coverage"": 0.9996585088218556, ""rt_cv_mean"": 0.2048068989419986, ""rt_cv_sd"": 0.0662301071717703, ""sd_n_trials_valid"": 23.06238837499029, ""source_dataset"": 58, ""task_id"": ""Flanker"", ""throughput_proxy_coverage"": 0.9998861696072852, ""throughput_proxy_mean"": 1.5033372515116163, ""throughput_proxy_sd"": 0.3366055625374014}]",20260810,2287644798,1783705042,2658154361,1825248187,965349438,2431633894,9699427176961a3064e9db8da23a3b287a441b1b,1e9c11e030dc0706c8941dfc08489bb6f63cac5d,81d22f2a942afd1652c169935f058b1634922d30,sha256:89a79a76aa63b86f96e9f0c4d11517adce044a9ea430dc558ea9c2da29faa4b5
6,ETW3_replicate_006,ETW3,M3_three_profile_mixture,6,19,58,19,58,Stroop,Flanker,"[{""accuracy_coverage"": 1.0, ""accuracy_mean"": 0.964708419599724, ""accuracy_sd"": 0.0829372529986036, ""mean_n_trials_valid"": 53.7463768115942, ""mean_response_speed_coverage"": 1.0, ""mean_response_speed_mean"": 1.7755901961120617, ""mean_response_speed_sd"": 0.4242421300400805, ""median_rt_ms_coverage"": 1.0, ""median_rt_ms_mean"": 576.981884057971, ""median_rt_ms_sd"": 91.76284471734316, ""n_participants"": 138, ""n_repeat_participants"": 0, ""n_rows"": 276, ""n_sessions"": 138, ""n_windows"": 276, ""p10_n_trials_valid"": 50.0, ""p50_n_trials_valid"": 55.0, ""p90_n_trials_valid"": 58.0, ""rt_cv_coverage"": 1.0, ""rt_cv_mean"": 0.1735227979202918, ""rt_cv_sd"": 0.0493335768808815, ""sd_n_trials_valid"": 6.934563334698967, ""source_dataset"": 19, ""task_id"": ""Stroop"", ""throughput_proxy_coverage"": 1.0, ""throughput_proxy_mean"": 1.6992743617475607, ""throughput_proxy_sd"": 0.2198023051493426}, {""accuracy_coverage"": 1.0, ""accuracy_mean"": 0.9156720736103208, ""accuracy_sd"": 0.1264153487654598, ""mean_n_trials_valid"": 59.73010813887308, ""mean_response_speed_coverage"": 0.9998861696072852, ""mean_response_speed_mean"": 1.619577355811272, ""mean_response_speed_sd"": 0.3558328252140712, ""median_rt_ms_coverage"": 0.9998861696072852, ""median_rt_ms_mean"": 631.8662340619308, ""median_rt_ms_sd"": 135.63204913470477, ""n_participants"": 221, ""n_repeat_participants"": 0, ""n_rows"": 8785, ""n_sessions"": 221, ""n_windows"": 8785, ""p10_n_trials_valid"": 38.0, ""p50_n_trials_valid"": 53.0, ""p90_n_trials_valid"": 101.0, ""rt_cv_coverage"": 0.9996585088218556, ""rt_cv_mean"": 0.2048068989419986, ""rt_cv_sd"": 0.0662301071717703, ""sd_n_trials_valid"": 23.06238837499029, ""source_dataset"": 58, ""task_id"": ""Flanker"", ""throughput_proxy_coverage"": 0.9998861696072852, ""throughput_proxy_mean"": 1.5033372515116163, ""throughput_proxy_sd"": 0.3366055625374014}]",20260810,4143826760,57007553,2803837532,3607704806,1980361826,2257378755,9699427176961a3064e9db8da23a3b287a441b1b,1e9c11e030dc0706c8941dfc08489bb6f63cac5d,81d22f2a942afd1652c169935f058b1634922d30,sha256:89a79a76aa63b86f96e9f0c4d11517adce044a9ea430dc558ea9c2da29faa4b5
6,ETW4_replicate_006,ETW4,M4_four_pace_profile_mixture,6,19,58,19,58,Stroop,Flanker,"[{""accuracy_coverage"": 1.0, ""accuracy_mean"": 0.964708419599724, ""accuracy_sd"": 0.0829372529986036, ""mean_n_trials_valid"": 53.7463768115942, ""mean_response_speed_coverage"": 1.0, ""mean_response_speed_mean"": 1.7755901961120617, ""mean_response_speed_sd"": 0.4242421300400805, ""median_rt_ms_coverage"": 1.0, ""median_rt_ms_mean"": 576.981884057971, ""median_rt_ms_sd"": 91.76284471734316, ""n_participants"": 138, ""n_repeat_participants"": 0, ""n_rows"": 276, ""n_sessions"": 138, ""n_windows"": 276, ""p10_n_trials_valid"": 50.0, ""p50_n_trials_valid"": 55.0, ""p90_n_trials_valid"": 58.0, ""rt_cv_coverage"": 1.0, ""rt_cv_mean"": 0.1735227979202918, ""rt_cv_sd"": 0.0493335768808815, ""sd_n_trials_valid"": 6.934563334698967, ""source_dataset"": 19, ""task_id"": ""Stroop"", ""throughput_proxy_coverage"": 1.0, ""throughput_proxy_mean"": 1.6992743617475607, ""throughput_proxy_sd"": 0.2198023051493426}, {""accuracy_coverage"": 1.0, ""accuracy_mean"": 0.9156720736103208, ""accuracy_sd"": 0.1264153487654598, ""mean_n_trials_valid"": 59.73010813887308, ""mean_response_speed_coverage"": 0.9998861696072852, ""mean_response_speed_mean"": 1.619577355811272, ""mean_response_speed_sd"": 0.3558328252140712, ""median_rt_ms_coverage"": 0.9998861696072852, ""median_rt_ms_mean"": 631.8662340619308, ""median_rt_ms_sd"": 135.63204913470477, ""n_participants"": 221, ""n_repeat_participants"": 0, ""n_rows"": 8785, ""n_sessions"": 221, ""n_windows"": 8785, ""p10_n_trials_valid"": 38.0, ""p50_n_trials_valid"": 53.0, ""p90_n_trials_valid"": 101.0, ""rt_cv_coverage"": 0.9996585088218556, ""rt_cv_mean"": 0.2048068989419986, ""rt_cv_sd"": 0.0662301071717703, ""sd_n_trials_valid"": 23.06238837499029, ""source_dataset"": 58, ""task_id"": ""Flanker"", ""throughput_proxy_coverage"": 0.9998861696072852, ""throughput_proxy_mean"": 1.5033372515116163, ""throughput_proxy_sd"": 0.3366055625374014}]",20260810,2924397411,472789225,2320597698,1238640868,1147512301,1899531175,9699427176961a3064e9db8da23a3b287a441b1b,1e9c11e030dc0706c8941dfc08489bb6f63cac5d,81d22f2a942afd1652c169935f058b1634922d30,sha256:89a79a76aa63b86f96e9f0c4d11517adce044a9ea430dc558ea9c2da29faa4b5
7,ETW0_replicate_007,ETW0,M0_probabilistic_general_performance,7,34,61,34,61,Stroop,Flanker,"[{""accuracy_coverage"": 1.0, ""accuracy_mean"": 0.9826814058956916, ""accuracy_sd"": 0.0223879924814791, ""mean_n_trials_valid"": 54.773809523809526, ""mean_response_speed_coverage"": 1.0, ""mean_response_speed_mean"": 1.81765191716076, ""mean_response_speed_sd"": 0.2652597129459999, ""median_rt_ms_coverage"": 1.0, ""median_rt_ms_mean"": 557.6845238095239, ""median_rt_ms_sd"": 103.52348744929384, ""n_participants"": 84, ""n_repeat_participants"": 0, ""n_rows"": 168, ""n_sessions"": 84, ""n_windows"": 168, ""p10_n_trials_valid"": 50.0, ""p50_n_trials_valid"": 55.0, ""p90_n_trials_valid"": 59.0, ""rt_cv_coverage"": 1.0, ""rt_cv_mean"": 0.2003104282596629, ""rt_cv_sd"": 0.0462991679605816, ""sd_n_trials_valid"": 3.418341477166893, ""source_dataset"": 34, ""task_id"": ""Stroop"", ""throughput_proxy_coverage"": 1.0, ""throughput_proxy_mean"": 1.8061195478269627, ""throughput_proxy_sd"": 0.2569596487647136}, {""accuracy_coverage"": 1.0, ""accuracy_mean"": 0.9358994247813744, ""accuracy_sd"": 0.06245811790281, ""mean_n_trials_valid"": 61.01277287505806, ""mean_response_speed_coverage"": 1.0, ""mean_response_speed_mean"": 1.5463281196656398, ""mean_response_speed_sd"": 0.2183492164909151, ""median_rt_ms_coverage"": 1.0, ""median_rt_ms_mean"": 645.9859498374361, ""median_rt_ms_sd"": 96.75400813819542, ""n_participants"": 216, ""n_repeat_participants"": 0, ""n_rows"": 8612, ""n_sessions"": 216, ""n_windows"": 8612, ""p10_n_trials_valid"": 41.0, ""p50_n_trials_valid"": 53.0, ""p90_n_trials_valid"": 100.0, ""rt_cv_coverage"": 1.0, ""rt_cv_mean"": 0.2022162926620518, ""rt_cv_sd"": 0.0535733555647588, ""sd_n_trials_valid"": 21.305871156606766, ""source_dataset"": 61, ""task_id"": ""Flanker"", ""throughput_proxy_coverage"": 1.0, ""throughput_proxy_mean"": 1.4763761453529811, ""throughput_proxy_sd"": 0.2144770458515112}]",20260810,2739064869,3087637726,1458611883,318096922,2561137311,2244462776,9699427176961a3064e9db8da23a3b287a441b1b,1e9c11e030dc0706c8941dfc08489bb6f63cac5d,81d22f2a942afd1652c169935f058b1634922d30,sha256:89a79a76aa63b86f96e9f0c4d11517adce044a9ea430dc558ea9c2da29faa4b5
7,ETW1_replicate_007,ETW1,M1_continuous_control_manifold,7,34,61,34,61,Stroop,Flanker,"[{""accuracy_coverage"": 1.0, ""accuracy_mean"": 0.9826814058956916, ""accuracy_sd"": 0.0223879924814791, ""mean_n_trials_valid"": 54.773809523809526, ""mean_response_speed_coverage"": 1.0, ""mean_response_speed_mean"": 1.81765191716076, ""mean_response_speed_sd"": 0.2652597129459999, ""median_rt_ms_coverage"": 1.0, ""median_rt_ms_mean"": 557.6845238095239, ""median_rt_ms_sd"": 103.52348744929384, ""n_participants"": 84, ""n_repeat_participants"": 0, ""n_rows"": 168, ""n_sessions"": 84, ""n_windows"": 168, ""p10_n_trials_valid"": 50.0, ""p50_n_trials_valid"": 55.0, ""p90_n_trials_valid"": 59.0, ""rt_cv_coverage"": 1.0, ""rt_cv_mean"": 0.2003104282596629, ""rt_cv_sd"": 0.0462991679605816, ""sd_n_trials_valid"": 3.418341477166893, ""source_dataset"": 34, ""task_id"": ""Stroop"", ""throughput_proxy_coverage"": 1.0, ""throughput_proxy_mean"": 1.8061195478269627, ""throughput_proxy_sd"": 0.2569596487647136}, {""accuracy_coverage"": 1.0, ""accuracy_mean"": 0.9358994247813744, ""accuracy_sd"": 0.06245811790281, ""mean_n_trials_valid"": 61.01277287505806, ""mean_response_speed_coverage"": 1.0, ""mean_response_speed_mean"": 1.5463281196656398, ""mean_response_speed_sd"": 0.2183492164909151, ""median_rt_ms_coverage"": 1.0, ""median_rt_ms_mean"": 645.9859498374361, ""median_rt_ms_sd"": 96.75400813819542, ""n_participants"": 216, ""n_repeat_participants"": 0, ""n_rows"": 8612, ""n_sessions"": 216, ""n_windows"": 8612, ""p10_n_trials_valid"": 41.0, ""p50_n_trials_valid"": 53.0, ""p90_n_trials_valid"": 100.0, ""rt_cv_coverage"": 1.0, ""rt_cv_mean"": 0.2022162926620518, ""rt_cv_sd"": 0.0535733555647588, ""sd_n_trials_valid"": 21.305871156606766, ""source_dataset"": 61, ""task_id"": ""Flanker"", ""throughput_proxy_coverage"": 1.0, ""throughput_proxy_mean"": 1.4763761453529811, ""throughput_proxy_sd"": 0.2144770458515112}]",20260810,3435487620,958618223,1999711662,3961230190,1237860540,593815857,9699427176961a3064e9db8da23a3b287a441b1b,1e9c11e030dc0706c8941dfc08489bb6f63cac5d,81d22f2a942afd1652c169935f058b1634922d30,sha256:89a79a76aa63b86f96e9f0c4d11517adce044a9ea430dc558ea9c2da29faa4b5
7,ETW2_replicate_007,ETW2,M2_EM_v1,7,34,61,34,61,Stroop,Flanker,"[{""accuracy_coverage"": 1.0, ""accuracy_mean"": 0.9826814058956916, ""accuracy_sd"": 0.0223879924814791, ""mean_n_trials_valid"": 54.773809523809526, ""mean_response_speed_coverage"": 1.0, ""mean_response_speed_mean"": 1.81765191716076, ""mean_response_speed_sd"": 0.2652597129459999, ""median_rt_ms_coverage"": 1.0, ""median_rt_ms_mean"": 557.6845238095239, ""median_rt_ms_sd"": 103.52348744929384, ""n_participants"": 84, ""n_repeat_participants"": 0, ""n_rows"": 168, ""n_sessions"": 84, ""n_windows"": 168, ""p10_n_trials_valid"": 50.0, ""p50_n_trials_valid"": 55.0, ""p90_n_trials_valid"": 59.0, ""rt_cv_coverage"": 1.0, ""rt_cv_mean"": 0.2003104282596629, ""rt_cv_sd"": 0.0462991679605816, ""sd_n_trials_valid"": 3.418341477166893, ""source_dataset"": 34, ""task_id"": ""Stroop"", ""throughput_proxy_coverage"": 1.0, ""throughput_proxy_mean"": 1.8061195478269627, ""throughput_proxy_sd"": 0.2569596487647136}, {""accuracy_coverage"": 1.0, ""accuracy_mean"": 0.9358994247813744, ""accuracy_sd"": 0.06245811790281, ""mean_n_trials_valid"": 61.01277287505806, ""mean_response_speed_coverage"": 1.0, ""mean_response_speed_mean"": 1.5463281196656398, ""mean_response_speed_sd"": 0.2183492164909151, ""median_rt_ms_coverage"": 1.0, ""median_rt_ms_mean"": 645.9859498374361, ""median_rt_ms_sd"": 96.75400813819542, ""n_participants"": 216, ""n_repeat_participants"": 0, ""n_rows"": 8612, ""n_sessions"": 216, ""n_windows"": 8612, ""p10_n_trials_valid"": 41.0, ""p50_n_trials_valid"": 53.0, ""p90_n_trials_valid"": 100.0, ""rt_cv_coverage"": 1.0, ""rt_cv_mean"": 0.2022162926620518, ""rt_cv_sd"": 0.0535733555647588, ""sd_n_trials_valid"": 21.305871156606766, ""source_dataset"": 61, ""task_id"": ""Flanker"", ""throughput_proxy_coverage"": 1.0, ""throughput_proxy_mean"": 1.4763761453529811, ""throughput_proxy_sd"": 0.2144770458515112}]",20260810,4113496978,1502052058,2718982179,2686060237,3830174598,3956955128,9699427176961a3064e9db8da23a3b287a441b1b,1e9c11e030dc0706c8941dfc08489bb6f63cac5d,81d22f2a942afd1652c169935f058b1634922d30,sha256:89a79a76aa63b86f96e9f0c4d11517adce044a9ea430dc558ea9c2da29faa4b5
7,ETW3_replicate_007,ETW3,M3_three_profile_mixture,7,34,61,34,61,Stroop,Flanker,"[{""accuracy_coverage"": 1.0, ""accuracy_mean"": 0.9826814058956916, ""accuracy_sd"": 0.0223879924814791, ""mean_n_trials_valid"": 54.773809523809526, ""mean_response_speed_coverage"": 1.0, ""mean_response_speed_mean"": 1.81765191716076, ""mean_response_speed_sd"": 0.2652597129459999, ""median_rt_ms_coverage"": 1.0, ""median_rt_ms_mean"": 557.6845238095239, ""median_rt_ms_sd"": 103.52348744929384, ""n_participants"": 84, ""n_repeat_participants"": 0, ""n_rows"": 168, ""n_sessions"": 84, ""n_windows"": 168, ""p10_n_trials_valid"": 50.0, ""p50_n_trials_valid"": 55.0, ""p90_n_trials_valid"": 59.0, ""rt_cv_coverage"": 1.0, ""rt_cv_mean"": 0.2003104282596629, ""rt_cv_sd"": 0.0462991679605816, ""sd_n_trials_valid"": 3.418341477166893, ""source_dataset"": 34, ""task_id"": ""Stroop"", ""throughput_proxy_coverage"": 1.0, ""throughput_proxy_mean"": 1.8061195478269627, ""throughput_proxy_sd"": 0.2569596487647136}, {""accuracy_coverage"": 1.0, ""accuracy_mean"": 0.9358994247813744, ""accuracy_sd"": 0.06245811790281, ""mean_n_trials_valid"": 61.01277287505806, ""mean_response_speed_coverage"": 1.0, ""mean_response_speed_mean"": 1.5463281196656398, ""mean_response_speed_sd"": 0.2183492164909151, ""median_rt_ms_coverage"": 1.0, ""median_rt_ms_mean"": 645.9859498374361, ""median_rt_ms_sd"": 96.75400813819542, ""n_participants"": 216, ""n_repeat_participants"": 0, ""n_rows"": 8612, ""n_sessions"": 216, ""n_windows"": 8612, ""p10_n_trials_valid"": 41.0, ""p50_n_trials_valid"": 53.0, ""p90_n_trials_valid"": 100.0, ""rt_cv_coverage"": 1.0, ""rt_cv_mean"": 0.2022162926620518, ""rt_cv_sd"": 0.0535733555647588, ""sd_n_trials_valid"": 21.305871156606766, ""source_dataset"": 61, ""task_id"": ""Flanker"", ""throughput_proxy_coverage"": 1.0, ""throughput_proxy_mean"": 1.4763761453529811, ""throughput_proxy_sd"": 0.2144770458515112}]",20260810,2062208857,1553669277,2367106466,4128839119,275118694,3848158793,9699427176961a3064e9db8da23a3b287a441b1b,1e9c11e030dc0706c8941dfc08489bb6f63cac5d,81d22f2a942afd1652c169935f058b1634922d30,sha256:89a79a76aa63b86f96e9f0c4d11517adce044a9ea430dc558ea9c2da29faa4b5
7,ETW4_replicate_007,ETW4,M4_four_pace_profile_mixture,7,34,61,34,61,Stroop,Flanker,"[{""accuracy_coverage"": 1.0, ""accuracy_mean"": 0.9826814058956916, ""accuracy_sd"": 0.0223879924814791, ""mean_n_trials_valid"": 54.773809523809526, ""mean_response_speed_coverage"": 1.0, ""mean_response_speed_mean"": 1.81765191716076, ""mean_response_speed_sd"": 0.2652597129459999, ""median_rt_ms_coverage"": 1.0, ""median_rt_ms_mean"": 557.6845238095239, ""median_rt_ms_sd"": 103.52348744929384, ""n_participants"": 84, ""n_repeat_participants"": 0, ""n_rows"": 168, ""n_sessions"": 84, ""n_windows"": 168, ""p10_n_trials_valid"": 50.0, ""p50_n_trials_valid"": 55.0, ""p90_n_trials_valid"": 59.0, ""rt_cv_coverage"": 1.0, ""rt_cv_mean"": 0.2003104282596629, ""rt_cv_sd"": 0.0462991679605816, ""sd_n_trials_valid"": 3.418341477166893, ""source_dataset"": 34, ""task_id"": ""Stroop"", ""throughput_proxy_coverage"": 1.0, ""throughput_proxy_mean"": 1.8061195478269627, ""throughput_proxy_sd"": 0.2569596487647136}, {""accuracy_coverage"": 1.0, ""accuracy_mean"": 0.9358994247813744, ""accuracy_sd"": 0.06245811790281, ""mean_n_trials_valid"": 61.01277287505806, ""mean_response_speed_coverage"": 1.0, ""mean_response_speed_mean"": 1.5463281196656398, ""mean_response_speed_sd"": 0.2183492164909151, ""median_rt_ms_coverage"": 1.0, ""median_rt_ms_mean"": 645.9859498374361, ""median_rt_ms_sd"": 96.75400813819542, ""n_participants"": 216, ""n_repeat_participants"": 0, ""n_rows"": 8612, ""n_sessions"": 216, ""n_windows"": 8612, ""p10_n_trials_valid"": 41.0, ""p50_n_trials_valid"": 53.0, ""p90_n_trials_valid"": 100.0, ""rt_cv_coverage"": 1.0, ""rt_cv_mean"": 0.2022162926620518, ""rt_cv_sd"": 0.0535733555647588, ""sd_n_trials_valid"": 21.305871156606766, ""source_dataset"": 61, ""task_id"": ""Flanker"", ""throughput_proxy_coverage"": 1.0, ""throughput_proxy_mean"": 1.4763761453529811, ""throughput_proxy_sd"": 0.2144770458515112}]",20260810,2099443336,1112067106,2374944126,4082557058,2632972962,246006780,9699427176961a3064e9db8da23a3b287a441b1b,1e9c11e030dc0706c8941dfc08489bb6f63cac5d,81d22f2a942afd1652c169935f058b1634922d30,sha256:89a79a76aa63b86f96e9f0c4d11517adce044a9ea430dc558ea9c2da29faa4b5
8,ETW0_replicate_008,ETW0,M0_probabilistic_general_performance,8,46,1,46,1,Stroop,Flanker,"[{""accuracy_coverage"": 1.0, ""accuracy_mean"": 0.9590278965674536, ""accuracy_sd"": 0.0790975687924419, ""mean_n_trials_valid"": 59.69145569620253, ""mean_response_speed_coverage"": 1.0, ""mean_response_speed_mean"": 1.2117548692706408, ""mean_response_speed_sd"": 0.1886746648616222, ""median_rt_ms_coverage"": 1.0, ""median_rt_ms_mean"": 832.6550545886076, ""median_rt_ms_sd"": 148.0709104506923, ""n_participants"": 158, ""n_repeat_participants"": 0, ""n_rows"": 1264, ""n_sessions"": 158, ""n_windows"": 1264, ""p10_n_trials_valid"": 50.0, ""p50_n_trials_valid"": 58.0, ""p90_n_trials_valid"": 70.0, ""rt_cv_coverage"": 1.0, ""rt_cv_mean"": 0.1817229862518185, ""rt_cv_sd"": 0.0474802588609859, ""sd_n_trials_valid"": 8.600837192559851, ""source_dataset"": 46, ""task_id"": ""Stroop"", ""throughput_proxy_coverage"": 1.0, ""throughput_proxy_mean"": 1.1904397267605205, ""throughput_proxy_sd"": 0.2308608745710507}, {""accuracy_coverage"": 1.0, ""accuracy_mean"": 0.8298922413793103, ""accuracy_sd"": 0.0848384182595127, ""mean_n_trials_valid"": 57.1551724137931, ""mean_response_speed_coverage"": 1.0, ""mean_response_speed_mean"": 2.341718044207263, ""mean_response_speed_sd"": 0.1245079895234836, ""median_rt_ms_coverage"": 1.0, ""median_rt_ms_mean"": 426.5486778028267, ""median_rt_ms_sd"": 23.7803188830294, ""n_participants"": 58, ""n_repeat_participants"": 0, ""n_rows"": 580, ""n_sessions"": 58, ""n_windows"": 580, ""p10_n_trials_valid"": 31.0, ""p50_n_trials_valid"": 51.0, ""p90_n_trials_valid"": 96.0, ""rt_cv_coverage"": 1.0, ""rt_cv_mean"": 0.1253364580378505, ""rt_cv_sd"": 0.0238940145857846, ""sd_n_trials_valid"": 22.65327887992537, ""source_dataset"": 1, ""task_id"": ""Flanker"", ""throughput_proxy_coverage"": 1.0, ""throughput_proxy_mean"": 1.9546255035352595, ""throughput_proxy_sd"": 0.251644285905408}]",20260810,4203187163,328180174,1259168341,4014153281,4149286056,793767202,9699427176961a3064e9db8da23a3b287a441b1b,1e9c11e030dc0706c8941dfc08489bb6f63cac5d,81d22f2a942afd1652c169935f058b1634922d30,sha256:89a79a76aa63b86f96e9f0c4d11517adce044a9ea430dc558ea9c2da29faa4b5
8,ETW1_replicate_008,ETW1,M1_continuous_control_manifold,8,46,1,46,1,Stroop,Flanker,"[{""accuracy_coverage"": 1.0, ""accuracy_mean"": 0.9590278965674536, ""accuracy_sd"": 0.0790975687924419, ""mean_n_trials_valid"": 59.69145569620253, ""mean_response_speed_coverage"": 1.0, ""mean_response_speed_mean"": 1.2117548692706408, ""mean_response_speed_sd"": 0.1886746648616222, ""median_rt_ms_coverage"": 1.0, ""median_rt_ms_mean"": 832.6550545886076, ""median_rt_ms_sd"": 148.0709104506923, ""n_participants"": 158, ""n_repeat_participants"": 0, ""n_rows"": 1264, ""n_sessions"": 158, ""n_windows"": 1264, ""p10_n_trials_valid"": 50.0, ""p50_n_trials_valid"": 58.0, ""p90_n_trials_valid"": 70.0, ""rt_cv_coverage"": 1.0, ""rt_cv_mean"": 0.1817229862518185, ""rt_cv_sd"": 0.0474802588609859, ""sd_n_trials_valid"": 8.600837192559851, ""source_dataset"": 46, ""task_id"": ""Stroop"", ""throughput_proxy_coverage"": 1.0, ""throughput_proxy_mean"": 1.1904397267605205, ""throughput_proxy_sd"": 0.2308608745710507}, {""accuracy_coverage"": 1.0, ""accuracy_mean"": 0.8298922413793103, ""accuracy_sd"": 0.0848384182595127, ""mean_n_trials_valid"": 57.1551724137931, ""mean_response_speed_coverage"": 1.0, ""mean_response_speed_mean"": 2.341718044207263, ""mean_response_speed_sd"": 0.1245079895234836, ""median_rt_ms_coverage"": 1.0, ""median_rt_ms_mean"": 426.5486778028267, ""median_rt_ms_sd"": 23.7803188830294, ""n_participants"": 58, ""n_repeat_participants"": 0, ""n_rows"": 580, ""n_sessions"": 58, ""n_windows"": 580, ""p10_n_trials_valid"": 31.0, ""p50_n_trials_valid"": 51.0, ""p90_n_trials_valid"": 96.0, ""rt_cv_coverage"": 1.0, ""rt_cv_mean"": 0.1253364580378505, ""rt_cv_sd"": 0.0238940145857846, ""sd_n_trials_valid"": 22.65327887992537, ""source_dataset"": 1, ""task_id"": ""Flanker"", ""throughput_proxy_coverage"": 1.0, ""throughput_proxy_mean"": 1.9546255035352595, ""throughput_proxy_sd"": 0.251644285905408}]",20260810,1526014284,728275722,1234402598,1856183420,3735049410,1281124967,9699427176961a3064e9db8da23a3b287a441b1b,1e9c11e030dc0706c8941dfc08489bb6f63cac5d,81d22f2a942afd1652c169935f058b1634922d30,sha256:89a79a76aa63b86f96e9f0c4d11517adce044a9ea430dc558ea9c2da29faa4b5
8,ETW2_replicate_008,ETW2,M2_EM_v1,8,46,1,46,1,Stroop,Flanker,"[{""accuracy_coverage"": 1.0, ""accuracy_mean"": 0.9590278965674536, ""accuracy_sd"": 0.0790975687924419, ""mean_n_trials_valid"": 59.69145569620253, ""mean_response_speed_coverage"": 1.0, ""mean_response_speed_mean"": 1.2117548692706408, ""mean_response_speed_sd"": 0.1886746648616222, ""median_rt_ms_coverage"": 1.0, ""median_rt_ms_mean"": 832.6550545886076, ""median_rt_ms_sd"": 148.0709104506923, ""n_participants"": 158, ""n_repeat_participants"": 0, ""n_rows"": 1264, ""n_sessions"": 158, ""n_windows"": 1264, ""p10_n_trials_valid"": 50.0, ""p50_n_trials_valid"": 58.0, ""p90_n_trials_valid"": 70.0, ""rt_cv_coverage"": 1.0, ""rt_cv_mean"": 0.1817229862518185, ""rt_cv_sd"": 0.0474802588609859, ""sd_n_trials_valid"": 8.600837192559851, ""source_dataset"": 46, ""task_id"": ""Stroop"", ""throughput_proxy_coverage"": 1.0, ""throughput_proxy_mean"": 1.1904397267605205, ""throughput_proxy_sd"": 0.2308608745710507}, {""accuracy_coverage"": 1.0, ""accuracy_mean"": 0.8298922413793103, ""accuracy_sd"": 0.0848384182595127, ""mean_n_trials_valid"": 57.1551724137931, ""mean_response_speed_coverage"": 1.0, ""mean_response_speed_mean"": 2.341718044207263, ""mean_response_speed_sd"": 0.1245079895234836, ""median_rt_ms_coverage"": 1.0, ""median_rt_ms_mean"": 426.5486778028267, ""median_rt_ms_sd"": 23.7803188830294, ""n_participants"": 58, ""n_repeat_participants"": 0, ""n_rows"": 580, ""n_sessions"": 58, ""n_windows"": 580, ""p10_n_trials_valid"": 31.0, ""p50_n_trials_valid"": 51.0, ""p90_n_trials_valid"": 96.0, ""rt_cv_coverage"": 1.0, ""rt_cv_mean"": 0.1253364580378505, ""rt_cv_sd"": 0.0238940145857846, ""sd_n_trials_valid"": 22.65327887992537, ""source_dataset"": 1, ""task_id"": ""Flanker"", ""throughput_proxy_coverage"": 1.0, ""throughput_proxy_mean"": 1.9546255035352595, ""throughput_proxy_sd"": 0.251644285905408}]",20260810,1659102981,2355345881,550602622,3298786794,1372491887,3379843568,9699427176961a3064e9db8da23a3b287a441b1b,1e9c11e030dc0706c8941dfc08489bb6f63cac5d,81d22f2a942afd1652c169935f058b1634922d30,sha256:89a79a76aa63b86f96e9f0c4d11517adce044a9ea430dc558ea9c2da29faa4b5
8,ETW3_replicate_008,ETW3,M3_three_profile_mixture,8,46,1,46,1,Stroop,Flanker,"[{""accuracy_coverage"": 1.0, ""accuracy_mean"": 0.9590278965674536, ""accuracy_sd"": 0.0790975687924419, ""mean_n_trials_valid"": 59.69145569620253, ""mean_response_speed_coverage"": 1.0, ""mean_response_speed_mean"": 1.2117548692706408, ""mean_response_speed_sd"": 0.1886746648616222, ""median_rt_ms_coverage"": 1.0, ""median_rt_ms_mean"": 832.6550545886076, ""median_rt_ms_sd"": 148.0709104506923, ""n_participants"": 158, ""n_repeat_participants"": 0, ""n_rows"": 1264, ""n_sessions"": 158, ""n_windows"": 1264, ""p10_n_trials_valid"": 50.0, ""p50_n_trials_valid"": 58.0, ""p90_n_trials_valid"": 70.0, ""rt_cv_coverage"": 1.0, ""rt_cv_mean"": 0.1817229862518185, ""rt_cv_sd"": 0.0474802588609859, ""sd_n_trials_valid"": 8.600837192559851, ""source_dataset"": 46, ""task_id"": ""Stroop"", ""throughput_proxy_coverage"": 1.0, ""throughput_proxy_mean"": 1.1904397267605205, ""throughput_proxy_sd"": 0.2308608745710507}, {""accuracy_coverage"": 1.0, ""accuracy_mean"": 0.8298922413793103, ""accuracy_sd"": 0.0848384182595127, ""mean_n_trials_valid"": 57.1551724137931, ""mean_response_speed_coverage"": 1.0, ""mean_response_speed_mean"": 2.341718044207263, ""mean_response_speed_sd"": 0.1245079895234836, ""median_rt_ms_coverage"": 1.0, ""median_rt_ms_mean"": 426.5486778028267, ""median_rt_ms_sd"": 23.7803188830294, ""n_participants"": 58, ""n_repeat_participants"": 0, ""n_rows"": 580, ""n_sessions"": 58, ""n_windows"": 580, ""p10_n_trials_valid"": 31.0, ""p50_n_trials_valid"": 51.0, ""p90_n_trials_valid"": 96.0, ""rt_cv_coverage"": 1.0, ""rt_cv_mean"": 0.1253364580378505, ""rt_cv_sd"": 0.0238940145857846, ""sd_n_trials_valid"": 22.65327887992537, ""source_dataset"": 1, ""task_id"": ""Flanker"", ""throughput_proxy_coverage"": 1.0, ""throughput_proxy_mean"": 1.9546255035352595, ""throughput_proxy_sd"": 0.251644285905408}]",20260810,2027750755,2521509131,2071804391,678141713,2504475642,783709992,9699427176961a3064e9db8da23a3b287a441b1b,1e9c11e030dc0706c8941dfc08489bb6f63cac5d,81d22f2a942afd1652c169935f058b1634922d30,sha256:89a79a76aa63b86f96e9f0c4d11517adce044a9ea430dc558ea9c2da29faa4b5
8,ETW4_replicate_008,ETW4,M4_four_pace_profile_mixture,8,46,1,46,1,Stroop,Flanker,"[{""accuracy_coverage"": 1.0, ""accuracy_mean"": 0.9590278965674536, ""accuracy_sd"": 0.0790975687924419, ""mean_n_trials_valid"": 59.69145569620253, ""mean_response_speed_coverage"": 1.0, ""mean_response_speed_mean"": 1.2117548692706408, ""mean_response_speed_sd"": 0.1886746648616222, ""median_rt_ms_coverage"": 1.0, ""median_rt_ms_mean"": 832.6550545886076, ""median_rt_ms_sd"": 148.0709104506923, ""n_participants"": 158, ""n_repeat_participants"": 0, ""n_rows"": 1264, ""n_sessions"": 158, ""n_windows"": 1264, ""p10_n_trials_valid"": 50.0, ""p50_n_trials_valid"": 58.0, ""p90_n_trials_valid"": 70.0, ""rt_cv_coverage"": 1.0, ""rt_cv_mean"": 0.1817229862518185, ""rt_cv_sd"": 0.0474802588609859, ""sd_n_trials_valid"": 8.600837192559851, ""source_dataset"": 46, ""task_id"": ""Stroop"", ""throughput_proxy_coverage"": 1.0, ""throughput_proxy_mean"": 1.1904397267605205, ""throughput_proxy_sd"": 0.2308608745710507}, {""accuracy_coverage"": 1.0, ""accuracy_mean"": 0.8298922413793103, ""accuracy_sd"": 0.0848384182595127, ""mean_n_trials_valid"": 57.1551724137931, ""mean_response_speed_coverage"": 1.0, ""mean_response_speed_mean"": 2.341718044207263, ""mean_response_speed_sd"": 0.1245079895234836, ""median_rt_ms_coverage"": 1.0, ""median_rt_ms_mean"": 426.5486778028267, ""median_rt_ms_sd"": 23.7803188830294, ""n_participants"": 58, ""n_repeat_participants"": 0, ""n_rows"": 580, ""n_sessions"": 58, ""n_windows"": 580, ""p10_n_trials_valid"": 31.0, ""p50_n_trials_valid"": 51.0, ""p90_n_trials_valid"": 96.0, ""rt_cv_coverage"": 1.0, ""rt_cv_mean"": 0.1253364580378505, ""rt_cv_sd"": 0.0238940145857846, ""sd_n_trials_valid"": 22.65327887992537, ""source_dataset"": 1, ""task_id"": ""Flanker"", ""throughput_proxy_coverage"": 1.0, ""throughput_proxy_mean"": 1.9546255035352595, ""throughput_proxy_sd"": 0.251644285905408}]",20260810,1539754256,1111187259,2330840735,4107125345,3400428176,22784612,9699427176961a3064e9db8da23a3b287a441b1b,1e9c11e030dc0706c8941dfc08489bb6f63cac5d,81d22f2a942afd1652c169935f058b1634922d30,sha256:89a79a76aa63b86f96e9f0c4d11517adce044a9ea430dc558ea9c2da29faa4b5
9,ETW0_replicate_009,ETW0,M0_probabilistic_general_performance,9,28,48,28,48,Stroop,Flanker,"[{""accuracy_coverage"": 1.0, ""accuracy_mean"": 0.975403494731226, ""accuracy_sd"": 0.0266713735792383, ""mean_n_trials_valid"": 54.59243697478992, ""mean_response_speed_coverage"": 1.0, ""mean_response_speed_mean"": 1.7837578355897783, ""mean_response_speed_sd"": 0.2633564768675728, ""median_rt_ms_coverage"": 1.0, ""median_rt_ms_mean"": 570.3550420168067, ""median_rt_ms_sd"": 95.78647907521666, ""n_participants"": 119, ""n_repeat_participants"": 0, ""n_rows"": 238, ""n_sessions"": 119, ""n_windows"": 238, ""p10_n_trials_valid"": 50.0, ""p50_n_trials_valid"": 55.0, ""p90_n_trials_valid"": 59.0, ""rt_cv_coverage"": 1.0, ""rt_cv_mean"": 0.1851069616156148, ""rt_cv_sd"": 0.045051446404985, ""sd_n_trials_valid"": 3.3611495839291243, ""source_dataset"": 28, ""task_id"": ""Stroop"", ""throughput_proxy_coverage"": 1.0, ""throughput_proxy_mean"": 1.7519693165001304, ""throughput_proxy_sd"": 0.2616513849472912}, {""accuracy_coverage"": 1.0, ""accuracy_mean"": 0.9809028965674536, ""accuracy_sd"": 0.0593688120589391, ""mean_n_trials_valid"": 60.85047468354431, ""mean_response_speed_coverage"": 1.0, ""mean_response_speed_mean"": 1.9263742791770564, ""mean_response_speed_sd"": 0.2629431837922125, ""median_rt_ms_coverage"": 1.0, ""median_rt_ms_mean"": 525.9708659018987, ""median_rt_ms_sd"": 101.37861881250784, ""n_participants"": 158, ""n_repeat_participants"": 0, ""n_rows"": 1264, ""n_sessions"": 158, ""n_windows"": 1264, ""p10_n_trials_valid"": 52.0, ""p50_n_trials_valid"": 59.0, ""p90_n_trials_valid"": 70.70000000000005, ""rt_cv_coverage"": 1.0, ""rt_cv_mean"": 0.1261180596984697, ""rt_cv_sd"": 0.044877476353179, ""sd_n_trials_valid"": 7.882386616810446, ""source_dataset"": 48, ""task_id"": ""Flanker"", ""throughput_proxy_coverage"": 1.0, ""throughput_proxy_mean"": 1.91690026228103, ""throughput_proxy_sd"": 0.2933707550877203}]",20260810,3630168257,1741997296,3953458268,3897079308,4273314006,375228917,9699427176961a3064e9db8da23a3b287a441b1b,1e9c11e030dc0706c8941dfc08489bb6f63cac5d,81d22f2a942afd1652c169935f058b1634922d30,sha256:89a79a76aa63b86f96e9f0c4d11517adce044a9ea430dc558ea9c2da29faa4b5
9,ETW1_replicate_009,ETW1,M1_continuous_control_manifold,9,28,48,28,48,Stroop,Flanker,"[{""accuracy_coverage"": 1.0, ""accuracy_mean"": 0.975403494731226, ""accuracy_sd"": 0.0266713735792383, ""mean_n_trials_valid"": 54.59243697478992, ""mean_response_speed_coverage"": 1.0, ""mean_response_speed_mean"": 1.7837578355897783, ""mean_response_speed_sd"": 0.2633564768675728, ""median_rt_ms_coverage"": 1.0, ""median_rt_ms_mean"": 570.3550420168067, ""median_rt_ms_sd"": 95.78647907521666, ""n_participants"": 119, ""n_repeat_participants"": 0, ""n_rows"": 238, ""n_sessions"": 119, ""n_windows"": 238, ""p10_n_trials_valid"": 50.0, ""p50_n_trials_valid"": 55.0, ""p90_n_trials_valid"": 59.0, ""rt_cv_coverage"": 1.0, ""rt_cv_mean"": 0.1851069616156148, ""rt_cv_sd"": 0.045051446404985, ""sd_n_trials_valid"": 3.3611495839291243, ""source_dataset"": 28, ""task_id"": ""Stroop"", ""throughput_proxy_coverage"": 1.0, ""throughput_proxy_mean"": 1.7519693165001304, ""throughput_proxy_sd"": 0.2616513849472912}, {""accuracy_coverage"": 1.0, ""accuracy_mean"": 0.9809028965674536, ""accuracy_sd"": 0.0593688120589391, ""mean_n_trials_valid"": 60.85047468354431, ""mean_response_speed_coverage"": 1.0, ""mean_response_speed_mean"": 1.9263742791770564, ""mean_response_speed_sd"": 0.2629431837922125, ""median_rt_ms_coverage"": 1.0, ""median_rt_ms_mean"": 525.9708659018987, ""median_rt_ms_sd"": 101.37861881250784, ""n_participants"": 158, ""n_repeat_participants"": 0, ""n_rows"": 1264, ""n_sessions"": 158, ""n_windows"": 1264, ""p10_n_trials_valid"": 52.0, ""p50_n_trials_valid"": 59.0, ""p90_n_trials_valid"": 70.70000000000005, ""rt_cv_coverage"": 1.0, ""rt_cv_mean"": 0.1261180596984697, ""rt_cv_sd"": 0.044877476353179, ""sd_n_trials_valid"": 7.882386616810446, ""source_dataset"": 48, ""task_id"": ""Flanker"", ""throughput_proxy_coverage"": 1.0, ""throughput_proxy_mean"": 1.91690026228103, ""throughput_proxy_sd"": 0.2933707550877203}]",20260810,3164806675,727262053,3442662273,660506351,2662149119,1897730830,9699427176961a3064e9db8da23a3b287a441b1b,1e9c11e030dc0706c8941dfc08489bb6f63cac5d,81d22f2a942afd1652c169935f058b1634922d30,sha256:89a79a76aa63b86f96e9f0c4d11517adce044a9ea430dc558ea9c2da29faa4b5
9,ETW2_replicate_009,ETW2,M2_EM_v1,9,28,48,28,48,Stroop,Flanker,"[{""accuracy_coverage"": 1.0, ""accuracy_mean"": 0.975403494731226, ""accuracy_sd"": 0.0266713735792383, ""mean_n_trials_valid"": 54.59243697478992, ""mean_response_speed_coverage"": 1.0, ""mean_response_speed_mean"": 1.7837578355897783, ""mean_response_speed_sd"": 0.2633564768675728, ""median_rt_ms_coverage"": 1.0, ""median_rt_ms_mean"": 570.3550420168067, ""median_rt_ms_sd"": 95.78647907521666, ""n_participants"": 119, ""n_repeat_participants"": 0, ""n_rows"": 238, ""n_sessions"": 119, ""n_windows"": 238, ""p10_n_trials_valid"": 50.0, ""p50_n_trials_valid"": 55.0, ""p90_n_trials_valid"": 59.0, ""rt_cv_coverage"": 1.0, ""rt_cv_mean"": 0.1851069616156148, ""rt_cv_sd"": 0.045051446404985, ""sd_n_trials_valid"": 3.3611495839291243, ""source_dataset"": 28, ""task_id"": ""Stroop"", ""throughput_proxy_coverage"": 1.0, ""throughput_proxy_mean"": 1.7519693165001304, ""throughput_proxy_sd"": 0.2616513849472912}, {""accuracy_coverage"": 1.0, ""accuracy_mean"": 0.9809028965674536, ""accuracy_sd"": 0.0593688120589391, ""mean_n_trials_valid"": 60.85047468354431, ""mean_response_speed_coverage"": 1.0, ""mean_response_speed_mean"": 1.9263742791770564, ""mean_response_speed_sd"": 0.2629431837922125, ""median_rt_ms_coverage"": 1.0, ""median_rt_ms_mean"": 525.9708659018987, ""median_rt_ms_sd"": 101.37861881250784, ""n_participants"": 158, ""n_repeat_participants"": 0, ""n_rows"": 1264, ""n_sessions"": 158, ""n_windows"": 1264, ""p10_n_trials_valid"": 52.0, ""p50_n_trials_valid"": 59.0, ""p90_n_trials_valid"": 70.70000000000005, ""rt_cv_coverage"": 1.0, ""rt_cv_mean"": 0.1261180596984697, ""rt_cv_sd"": 0.044877476353179, ""sd_n_trials_valid"": 7.882386616810446, ""source_dataset"": 48, ""task_id"": ""Flanker"", ""throughput_proxy_coverage"": 1.0, ""throughput_proxy_mean"": 1.91690026228103, ""throughput_proxy_sd"": 0.2933707550877203}]",20260810,3978874903,1045136637,1266942951,473217002,4003511677,3975205754,9699427176961a3064e9db8da23a3b287a441b1b,1e9c11e030dc0706c8941dfc08489bb6f63cac5d,81d22f2a942afd1652c169935f058b1634922d30,sha256:89a79a76aa63b86f96e9f0c4d11517adce044a9ea430dc558ea9c2da29faa4b5
9,ETW3_replicate_009,ETW3,M3_three_profile_mixture,9,28,48,28,48,Stroop,Flanker,"[{""accuracy_coverage"": 1.0, ""accuracy_mean"": 0.975403494731226, ""accuracy_sd"": 0.0266713735792383, ""mean_n_trials_valid"": 54.59243697478992, ""mean_response_speed_coverage"": 1.0, ""mean_response_speed_mean"": 1.7837578355897783, ""mean_response_speed_sd"": 0.2633564768675728, ""median_rt_ms_coverage"": 1.0, ""median_rt_ms_mean"": 570.3550420168067, ""median_rt_ms_sd"": 95.78647907521666, ""n_participants"": 119, ""n_repeat_participants"": 0, ""n_rows"": 238, ""n_sessions"": 119, ""n_windows"": 238, ""p10_n_trials_valid"": 50.0, ""p50_n_trials_valid"": 55.0, ""p90_n_trials_valid"": 59.0, ""rt_cv_coverage"": 1.0, ""rt_cv_mean"": 0.1851069616156148, ""rt_cv_sd"": 0.045051446404985, ""sd_n_trials_valid"": 3.3611495839291243, ""source_dataset"": 28, ""task_id"": ""Stroop"", ""throughput_proxy_coverage"": 1.0, ""throughput_proxy_mean"": 1.7519693165001304, ""throughput_proxy_sd"": 0.2616513849472912}, {""accuracy_coverage"": 1.0, ""accuracy_mean"": 0.9809028965674536, ""accuracy_sd"": 0.0593688120589391, ""mean_n_trials_valid"": 60.85047468354431, ""mean_response_speed_coverage"": 1.0, ""mean_response_speed_mean"": 1.9263742791770564, ""mean_response_speed_sd"": 0.2629431837922125, ""median_rt_ms_coverage"": 1.0, ""median_rt_ms_mean"": 525.9708659018987, ""median_rt_ms_sd"": 101.37861881250784, ""n_participants"": 158, ""n_repeat_participants"": 0, ""n_rows"": 1264, ""n_sessions"": 158, ""n_windows"": 1264, ""p10_n_trials_valid"": 52.0, ""p50_n_trials_valid"": 59.0, ""p90_n_trials_valid"": 70.70000000000005, ""rt_cv_coverage"": 1.0, ""rt_cv_mean"": 0.1261180596984697, ""rt_cv_sd"": 0.044877476353179, ""sd_n_trials_valid"": 7.882386616810446, ""source_dataset"": 48, ""task_id"": ""Flanker"", ""throughput_proxy_coverage"": 1.0, ""throughput_proxy_mean"": 1.91690026228103, ""throughput_proxy_sd"": 0.2933707550877203}]",20260810,3840613419,1445631061,3928055783,3055644356,4233639082,603430557,9699427176961a3064e9db8da23a3b287a441b1b,1e9c11e030dc0706c8941dfc08489bb6f63cac5d,81d22f2a942afd1652c169935f058b1634922d30,sha256:89a79a76aa63b86f96e9f0c4d11517adce044a9ea430dc558ea9c2da29faa4b5
9,ETW4_replicate_009,ETW4,M4_four_pace_profile_mixture,9,28,48,28,48,Stroop,Flanker,"[{""accuracy_coverage"": 1.0, ""accuracy_mean"": 0.975403494731226, ""accuracy_sd"": 0.0266713735792383, ""mean_n_trials_valid"": 54.59243697478992, ""mean_response_speed_coverage"": 1.0, ""mean_response_speed_mean"": 1.7837578355897783, ""mean_response_speed_sd"": 0.2633564768675728, ""median_rt_ms_coverage"": 1.0, ""median_rt_ms_mean"": 570.3550420168067, ""median_rt_ms_sd"": 95.78647907521666, ""n_participants"": 119, ""n_repeat_participants"": 0, ""n_rows"": 238, ""n_sessions"": 119, ""n_windows"": 238, ""p10_n_trials_valid"": 50.0, ""p50_n_trials_valid"": 55.0, ""p90_n_trials_valid"": 59.0, ""rt_cv_coverage"": 1.0, ""rt_cv_mean"": 0.1851069616156148, ""rt_cv_sd"": 0.045051446404985, ""sd_n_trials_valid"": 3.3611495839291243, ""source_dataset"": 28, ""task_id"": ""Stroop"", ""throughput_proxy_coverage"": 1.0, ""throughput_proxy_mean"": 1.7519693165001304, ""throughput_proxy_sd"": 0.2616513849472912}, {""accuracy_coverage"": 1.0, ""accuracy_mean"": 0.9809028965674536, ""accuracy_sd"": 0.0593688120589391, ""mean_n_trials_valid"": 60.85047468354431, ""mean_response_speed_coverage"": 1.0, ""mean_response_speed_mean"": 1.9263742791770564, ""mean_response_speed_sd"": 0.2629431837922125, ""median_rt_ms_coverage"": 1.0, ""median_rt_ms_mean"": 525.9708659018987, ""median_rt_ms_sd"": 101.37861881250784, ""n_participants"": 158, ""n_repeat_participants"": 0, ""n_rows"": 1264, ""n_sessions"": 158, ""n_windows"": 1264, ""p10_n_trials_valid"": 52.0, ""p50_n_trials_valid"": 59.0, ""p90_n_trials_valid"": 70.70000000000005, ""rt_cv_coverage"": 1.0, ""rt_cv_mean"": 0.1261180596984697, ""rt_cv_sd"": 0.044877476353179, ""sd_n_trials_valid"": 7.882386616810446, ""source_dataset"": 48, ""task_id"": ""Flanker"", ""throughput_proxy_coverage"": 1.0, ""throughput_proxy_mean"": 1.91690026228103, ""throughput_proxy_sd"": 0.2933707550877203}]",20260810,3559160859,2599659663,1941564281,268420331,3179760690,1265113292,9699427176961a3064e9db8da23a3b287a441b1b,1e9c11e030dc0706c8941dfc08489bb6f63cac5d,81d22f2a942afd1652c169935f058b1634922d30,sha256:89a79a76aa63b86f96e9f0c4d11517adce044a9ea430dc558ea9c2da29faa4b5
